product_id,branch_id,current_stock,lead_time_days,safety_stock,max_stock_level,7_day_avg_demand,30_day_avg_demand,next_day_forecast,base_daily_demand,base_30_day_forecast,base_60_day_forecast,high_demand_30_day_forecast,high_demand_60_day_forecast,low_demand_30_day_forecast,low_demand_60_day_forecast,base_stock_after_30_days,high_demand_stock_after_30_days,low_demand_stock_after_30_days,scenario_stock_status
P001,DEL001,115928,21,10,40,27.0,23.83,27.0,27.0,810.0,1620.0,972.0,1944.0,648.0,1296.0,115118.0,114956.0,115280.0,Potential Overstock
P001,PUN001,109389,21,10,40,27.0,23.83,27.0,27.0,810.0,1620.0,972.0,1944.0,648.0,1296.0,108579.0,108417.0,108741.0,Potential Overstock
P001,CHN001,99373,21,10,40,27.0,23.83,27.0,27.0,810.0,1620.0,972.0,1944.0,648.0,1296.0,98563.0,98401.0,98725.0,Potential Overstock
P001,HYD001,108772,21,10,40,27.0,23.83,27.0,27.0,810.0,1620.0,972.0,1944.0,648.0,1296.0,107962.0,107800.0,108124.0,Potential Overstock
P001,KOL001,103808,21,10,40,27.0,23.83,27.0,27.0,810.0,1620.0,972.0,1944.0,648.0,1296.0,102998.0,102836.0,103160.0,Potential Overstock
P001,AHM001,106714,21,10,40,27.0,23.83,27.0,27.0,810.0,1620.0,972.0,1944.0,648.0,1296.0,105904.0,105742.0,106066.0,Potential Overstock
P002,DEL001,108628,7,40,200,25.0,23.67,25.0,25.0,750.0,1500.0,900.0,1800.0,600.0,1200.0,107878.0,107728.0,108028.0,Potential Overstock
P002,PUN001,101623,7,40,200,25.0,23.67,25.0,25.0,750.0,1500.0,900.0,1800.0,600.0,1200.0,100873.0,100723.0,101023.0,Potential Overstock
P002,CHN001,105885,7,40,200,25.0,23.67,25.0,25.0,750.0,1500.0,900.0,1800.0,600.0,1200.0,105135.0,104985.0,105285.0,Potential Overstock
P002,HYD001,121013,7,40,200,25.0,23.67,25.0,25.0,750.0,1500.0,900.0,1800.0,600.0,1200.0,120263.0,120113.0,120413.0,Potential Overstock
P002,KOL001,107584,7,40,200,25.0,23.67,25.0,25.0,750.0,1500.0,900.0,1800.0,600.0,1200.0,106834.0,106684.0,106984.0,Potential Overstock
P002,AHM001,110279,7,40,200,25.0,23.67,25.0,25.0,750.0,1500.0,900.0,1800.0,600.0,1200.0,109529.0,109379.0,109679.0,Potential Overstock
P003,DEL001,104884,7,30,150,18.86,18.63,18.86,18.86,565.8,1131.6,678.96,1357.92,452.64,905.28,104318.2,104205.04,104431.36,Potential Overstock
P003,PUN001,118139,7,30,150,18.86,18.63,18.86,18.86,565.8,1131.6,678.96,1357.92,452.64,905.28,117573.2,117460.04,117686.36,Potential Overstock
P003,CHN001,107840,7,30,150,18.86,18.63,18.86,18.86,565.8,1131.6,678.96,1357.92,452.64,905.28,107274.2,107161.04,107387.36,Potential Overstock
P003,HYD001,106658,7,30,150,18.86,18.63,18.86,18.86,565.8,1131.6,678.96,1357.92,452.64,905.28,106092.2,105979.04,106205.36,Potential Overstock
P003,KOL001,110093,7,30,150,18.86,18.63,18.86,18.86,565.8,1131.6,678.96,1357.92,452.64,905.28,109527.2,109414.04,109640.36,Potential Overstock
P003,AHM001,102501,7,30,150,18.86,18.63,18.86,18.86,565.8,1131.6,678.96,1357.92,452.64,905.28,101935.2,101822.04,102048.36,Potential Overstock
P004,DEL001,110145,30,4,20,24.43,24.7,24.43,24.43,732.9,1465.8,879.48,1758.96,586.32,1172.64,109412.1,109265.52,109558.68,Potential Overstock
P004,PUN001,104859,30,4,20,24.43,24.7,24.43,24.43,732.9,1465.8,879.48,1758.96,586.32,1172.64,104126.1,103979.52,104272.68,Potential Overstock
P004,CHN001,103984,30,4,20,24.43,24.7,24.43,24.43,732.9,1465.8,879.48,1758.96,586.32,1172.64,103251.1,103104.52,103397.68,Potential Overstock
P004,HYD001,109943,30,4,20,24.43,24.7,24.43,24.43,732.9,1465.8,879.48,1758.96,586.32,1172.64,109210.1,109063.52,109356.68,Potential Overstock
P004,KOL001,110042,30,4,20,24.43,24.7,24.43,24.43,732.9,1465.8,879.48,1758.96,586.32,1172.64,109309.1,109162.52,109455.68,Potential Overstock
P004,AHM001,99909,30,4,20,24.43,24.7,24.43,24.43,732.9,1465.8,879.48,1758.96,586.32,1172.64,99176.1,99029.52,99322.68,Potential Overstock
P005,DEL001,110862,18,15,80,18.43,21.13,18.43,18.43,552.9,1105.8,663.48,1326.96,442.32,884.64,110309.1,110198.52,110419.68,Potential Overstock
P005,PUN001,108488,18,15,80,18.43,21.13,18.43,18.43,552.9,1105.8,663.48,1326.96,442.32,884.64,107935.1,107824.52,108045.68,Potential Overstock
P005,CHN001,114267,18,15,80,18.43,21.13,18.43,18.43,552.9,1105.8,663.48,1326.96,442.32,884.64,113714.1,113603.52,113824.68,Potential Overstock
P005,HYD001,112865,18,15,80,18.43,21.13,18.43,18.43,552.9,1105.8,663.48,1326.96,442.32,884.64,112312.1,112201.52,112422.68,Potential Overstock
P005,KOL001,104202,18,15,80,18.43,21.13,18.43,18.43,552.9,1105.8,663.48,1326.96,442.32,884.64,103649.1,103538.52,103759.68,Potential Overstock
P005,AHM001,108136,18,15,80,18.43,21.13,18.43,18.43,552.9,1105.8,663.48,1326.96,442.32,884.64,107583.1,107472.52,107693.68,Potential Overstock
P006,DEL001,99358,20,6,30,15.14,17.57,15.14,15.14,454.2,908.4,545.04,1090.08,363.36,726.72,98903.8,98812.96,98994.64,Potential Overstock
P006,PUN001,111016,20,6,30,15.14,17.57,15.14,15.14,454.2,908.4,545.04,1090.08,363.36,726.72,110561.8,110470.96,110652.64,Potential Overstock
P006,CHN001,110681,20,6,30,15.14,17.57,15.14,15.14,454.2,908.4,545.04,1090.08,363.36,726.72,110226.8,110135.96,110317.64,Potential Overstock
P006,HYD001,109564,20,6,30,15.14,17.57,15.14,15.14,454.2,908.4,545.04,1090.08,363.36,726.72,109109.8,109018.96,109200.64,Potential Overstock
P006,KOL001,109176,20,6,30,15.14,17.57,15.14,15.14,454.2,908.4,545.04,1090.08,363.36,726.72,108721.8,108630.96,108812.64,Potential Overstock
P006,AHM001,107359,20,6,30,15.14,17.57,15.14,15.14,454.2,908.4,545.04,1090.08,363.36,726.72,106904.8,106813.96,106995.64,Potential Overstock
P007,DEL001,119439,10,35,200,17.43,19.9,17.43,17.43,522.9,1045.8,627.48,1254.96,418.32,836.64,118916.1,118811.52,119020.68,Potential Overstock
P007,PUN001,110464,10,35,200,17.43,19.9,17.43,17.43,522.9,1045.8,627.48,1254.96,418.32,836.64,109941.1,109836.52,110045.68,Potential Overstock
P007,CHN001,108692,10,35,200,17.43,19.9,17.43,17.43,522.9,1045.8,627.48,1254.96,418.32,836.64,108169.1,108064.52,108273.68,Potential Overstock
P007,HYD001,112543,10,35,200,17.43,19.9,17.43,17.43,522.9,1045.8,627.48,1254.96,418.32,836.64,112020.1,111915.52,112124.68,Potential Overstock
P007,KOL001,99463,10,35,200,17.43,19.9,17.43,17.43,522.9,1045.8,627.48,1254.96,418.32,836.64,98940.1,98835.52,99044.68,Potential Overstock
P007,AHM001,106222,10,35,200,17.43,19.9,17.43,17.43,522.9,1045.8,627.48,1254.96,418.32,836.64,105699.1,105594.52,105803.68,Potential Overstock
P008,DEL001,106667,12,60,300,16.57,24.67,16.57,16.57,497.1,994.2,596.52,1193.04,397.68,795.36,106169.9,106070.48,106269.32,Potential Overstock
P008,PUN001,99151,12,60,300,16.57,24.67,16.57,16.57,497.1,994.2,596.52,1193.04,397.68,795.36,98653.9,98554.48,98753.32,Potential Overstock
P008,CHN001,108381,12,60,300,16.57,24.67,16.57,16.57,497.1,994.2,596.52,1193.04,397.68,795.36,107883.9,107784.48,107983.32,Potential Overstock
P008,HYD001,101753,12,60,300,16.57,24.67,16.57,16.57,497.1,994.2,596.52,1193.04,397.68,795.36,101255.9,101156.48,101355.32,Potential Overstock
P008,KOL001,99461,12,60,300,16.57,24.67,16.57,16.57,497.1,994.2,596.52,1193.04,397.68,795.36,98963.9,98864.48,99063.32,Potential Overstock
P008,AHM001,109281,12,60,300,16.57,24.67,16.57,16.57,497.1,994.2,596.52,1193.04,397.68,795.36,108783.9,108684.48,108883.32,Potential Overstock
P009,DEL001,102816,22,5,25,23.29,16.33,23.29,23.29,698.7,1397.4,838.44,1676.88,558.96,1117.92,102117.3,101977.56,102257.04,Potential Overstock
P009,PUN001,111320,22,5,25,23.29,16.33,23.29,23.29,698.7,1397.4,838.44,1676.88,558.96,1117.92,110621.3,110481.56,110761.04,Potential Overstock
P009,CHN001,111456,22,5,25,23.29,16.33,23.29,23.29,698.7,1397.4,838.44,1676.88,558.96,1117.92,110757.3,110617.56,110897.04,Potential Overstock
P009,HYD001,100071,22,5,25,23.29,16.33,23.29,23.29,698.7,1397.4,838.44,1676.88,558.96,1117.92,99372.3,99232.56,99512.04,Potential Overstock
P009,KOL001,110547,22,5,25,23.29,16.33,23.29,23.29,698.7,1397.4,838.44,1676.88,558.96,1117.92,109848.3,109708.56,109988.04,Potential Overstock
P009,AHM001,95731,22,5,25,23.29,16.33,23.29,23.29,698.7,1397.4,838.44,1676.88,558.96,1117.92,95032.3,94892.56,95172.04,Potential Overstock
P010,DEL001,106895,28,3,15,11.14,13.77,11.14,11.14,334.2,668.4,401.04,802.08,267.36,534.72,106560.8,106493.96,106627.64,Potential Overstock
P010,PUN001,114565,28,3,15,11.14,13.77,11.14,11.14,334.2,668.4,401.04,802.08,267.36,534.72,114230.8,114163.96,114297.64,Potential Overstock
P010,CHN001,113425,28,3,15,11.14,13.77,11.14,11.14,334.2,668.4,401.04,802.08,267.36,534.72,113090.8,113023.96,113157.64,Potential Overstock
P010,HYD001,110225,28,3,15,11.14,13.77,11.14,11.14,334.2,668.4,401.04,802.08,267.36,534.72,109890.8,109823.96,109957.64,Potential Overstock
P010,KOL001,100989,28,3,15,11.14,13.77,11.14,11.14,334.2,668.4,401.04,802.08,267.36,534.72,100654.8,100587.96,100721.64,Potential Overstock
P010,AHM001,115149,28,3,15,11.14,13.77,11.14,11.14,334.2,668.4,401.04,802.08,267.36,534.72,114814.8,114747.96,114881.64,Potential Overstock
P011,DEL001,112300,24,5,25,20.14,21.0,20.14,20.14,604.2,1208.4,725.04,1450.08,483.36,966.72,111695.8,111574.96,111816.64,Potential Overstock
P011,PUN001,108691,24,5,25,20.14,21.0,20.14,20.14,604.2,1208.4,725.04,1450.08,483.36,966.72,108086.8,107965.96,108207.64,Potential Overstock
P011,CHN001,110667,24,5,25,20.14,21.0,20.14,20.14,604.2,1208.4,725.04,1450.08,483.36,966.72,110062.8,109941.96,110183.64,Potential Overstock
P011,HYD001,107771,24,5,25,20.14,21.0,20.14,20.14,604.2,1208.4,725.04,1450.08,483.36,966.72,107166.8,107045.96,107287.64,Potential Overstock
P011,KOL001,109669,24,5,25,20.14,21.0,20.14,20.14,604.2,1208.4,725.04,1450.08,483.36,966.72,109064.8,108943.96,109185.64,Potential Overstock
P011,AHM001,101291,24,5,25,20.14,21.0,20.14,20.14,604.2,1208.4,725.04,1450.08,483.36,966.72,100686.8,100565.96,100807.64,Potential Overstock
P012,DEL001,119923,10,20,120,17.86,18.47,17.86,17.86,535.8,1071.6,642.96,1285.92,428.64,857.28,119387.2,119280.04,119494.36,Potential Overstock
P012,PUN001,112603,10,20,120,17.86,18.47,17.86,17.86,535.8,1071.6,642.96,1285.92,428.64,857.28,112067.2,111960.04,112174.36,Potential Overstock
P012,CHN001,107886,10,20,120,17.86,18.47,17.86,17.86,535.8,1071.6,642.96,1285.92,428.64,857.28,107350.2,107243.04,107457.36,Potential Overstock
P012,HYD001,106209,10,20,120,17.86,18.47,17.86,17.86,535.8,1071.6,642.96,1285.92,428.64,857.28,105673.2,105566.04,105780.36,Potential Overstock
P012,KOL001,109625,10,20,120,17.86,18.47,17.86,17.86,535.8,1071.6,642.96,1285.92,428.64,857.28,109089.2,108982.04,109196.36,Potential Overstock
P012,AHM001,106861,10,20,120,17.86,18.47,17.86,17.86,535.8,1071.6,642.96,1285.92,428.64,857.28,106325.2,106218.04,106432.36,Potential Overstock
P013,DEL001,108520,9,40,200,36.86,23.27,36.86,36.86,1105.8,2211.6,1326.96,2653.92,884.64,1769.28,107414.2,107193.04,107635.36,Potential Overstock
P013,PUN001,104221,9,40,200,36.86,23.27,36.86,36.86,1105.8,2211.6,1326.96,2653.92,884.64,1769.28,103115.2,102894.04,103336.36,Potential Overstock
P013,CHN001,106476,9,40,200,36.86,23.27,36.86,36.86,1105.8,2211.6,1326.96,2653.92,884.64,1769.28,105370.2,105149.04,105591.36,Potential Overstock
P013,HYD001,111295,9,40,200,36.86,23.27,36.86,36.86,1105.8,2211.6,1326.96,2653.92,884.64,1769.28,110189.2,109968.04,110410.36,Potential Overstock
P013,KOL001,105381,9,40,200,36.86,23.27,36.86,36.86,1105.8,2211.6,1326.96,2653.92,884.64,1769.28,104275.2,104054.04,104496.36,Potential Overstock
P013,AHM001,98687,9,40,200,36.86,23.27,36.86,36.86,1105.8,2211.6,1326.96,2653.92,884.64,1769.28,97581.2,97360.04,97802.36,Potential Overstock
P014,DEL001,111321,35,2,12,28.43,19.6,28.43,28.43,852.9,1705.8,1023.48,2046.96,682.32,1364.64,110468.1,110297.52,110638.68,Potential Overstock
P014,PUN001,113386,35,2,12,28.43,19.6,28.43,28.43,852.9,1705.8,1023.48,2046.96,682.32,1364.64,112533.1,112362.52,112703.68,Potential Overstock
P014,CHN001,114302,35,2,12,28.43,19.6,28.43,28.43,852.9,1705.8,1023.48,2046.96,682.32,1364.64,113449.1,113278.52,113619.68,Potential Overstock
P014,HYD001,111315,35,2,12,28.43,19.6,28.43,28.43,852.9,1705.8,1023.48,2046.96,682.32,1364.64,110462.1,110291.52,110632.68,Potential Overstock
P014,KOL001,105994,35,2,12,28.43,19.6,28.43,28.43,852.9,1705.8,1023.48,2046.96,682.32,1364.64,105141.1,104970.52,105311.68,Potential Overstock
P014,AHM001,105345,35,2,12,28.43,19.6,28.43,28.43,852.9,1705.8,1023.48,2046.96,682.32,1364.64,104492.1,104321.52,104662.68,Potential Overstock
P015,DEL001,100967,40,2,8,12.29,21.1,12.29,12.29,368.7,737.4,442.44,884.88,294.96,589.92,100598.3,100524.56,100672.04,Potential Overstock
P015,PUN001,106048,40,2,8,12.29,21.1,12.29,12.29,368.7,737.4,442.44,884.88,294.96,589.92,105679.3,105605.56,105753.04,Potential Overstock
P015,CHN001,113851,40,2,8,12.29,21.1,12.29,12.29,368.7,737.4,442.44,884.88,294.96,589.92,113482.3,113408.56,113556.04,Potential Overstock
P015,HYD001,110035,40,2,8,12.29,21.1,12.29,12.29,368.7,737.4,442.44,884.88,294.96,589.92,109666.3,109592.56,109740.04,Potential Overstock
P015,KOL001,96547,40,2,8,12.29,21.1,12.29,12.29,368.7,737.4,442.44,884.88,294.96,589.92,96178.3,96104.56,96252.04,Potential Overstock
P015,AHM001,105135,40,2,8,12.29,21.1,12.29,12.29,368.7,737.4,442.44,884.88,294.96,589.92,104766.3,104692.56,104840.04,Potential Overstock
P016,DEL001,104189,16,10,60,16.43,15.23,16.43,16.43,492.9,985.8,591.48,1182.96,394.32,788.64,103696.1,103597.52,103794.68,Potential Overstock
P016,PUN001,103006,16,10,60,16.43,15.23,16.43,16.43,492.9,985.8,591.48,1182.96,394.32,788.64,102513.1,102414.52,102611.68,Potential Overstock
P016,CHN001,112003,16,10,60,16.43,15.23,16.43,16.43,492.9,985.8,591.48,1182.96,394.32,788.64,111510.1,111411.52,111608.68,Potential Overstock
P016,HYD001,106040,16,10,60,16.43,15.23,16.43,16.43,492.9,985.8,591.48,1182.96,394.32,788.64,105547.1,105448.52,105645.68,Potential Overstock
P016,KOL001,97829,16,10,60,16.43,15.23,16.43,16.43,492.9,985.8,591.48,1182.96,394.32,788.64,97336.1,97237.52,97434.68,Potential Overstock
P016,AHM001,110893,16,10,60,16.43,15.23,16.43,16.43,492.9,985.8,591.48,1182.96,394.32,788.64,110400.1,110301.52,110498.68,Potential Overstock
P017,DEL001,112971,5,25,150,12.86,15.37,12.86,12.86,385.8,771.6,462.96,925.92,308.64,617.28,112585.2,112508.04,112662.36,Potential Overstock
P017,PUN001,104847,5,25,150,12.86,15.37,12.86,12.86,385.8,771.6,462.96,925.92,308.64,617.28,104461.2,104384.04,104538.36,Potential Overstock
P017,CHN001,106266,5,25,150,12.86,15.37,12.86,12.86,385.8,771.6,462.96,925.92,308.64,617.28,105880.2,105803.04,105957.36,Potential Overstock
P017,HYD001,117058,5,25,150,12.86,15.37,12.86,12.86,385.8,771.6,462.96,925.92,308.64,617.28,116672.2,116595.04,116749.36,Potential Overstock
P017,KOL001,108003,5,25,150,12.86,15.37,12.86,12.86,385.8,771.6,462.96,925.92,308.64,617.28,107617.2,107540.04,107694.36,Potential Overstock
P017,AHM001,109921,5,25,150,12.86,15.37,12.86,12.86,385.8,771.6,462.96,925.92,308.64,617.28,109535.2,109458.04,109612.36,Potential Overstock
P018,DEL001,114627,20,6,30,18.43,16.17,18.43,18.43,552.9,1105.8,663.48,1326.96,442.32,884.64,114074.1,113963.52,114184.68,Potential Overstock
P018,PUN001,111530,20,6,30,18.43,16.17,18.43,18.43,552.9,1105.8,663.48,1326.96,442.32,884.64,110977.1,110866.52,111087.68,Potential Overstock
P018,CHN001,113318,20,6,30,18.43,16.17,18.43,18.43,552.9,1105.8,663.48,1326.96,442.32,884.64,112765.1,112654.52,112875.68,Potential Overstock
P018,HYD001,112953,20,6,30,18.43,16.17,18.43,18.43,552.9,1105.8,663.48,1326.96,442.32,884.64,112400.1,112289.52,112510.68,Potential Overstock
P018,KOL001,96607,20,6,30,18.43,16.17,18.43,18.43,552.9,1105.8,663.48,1326.96,442.32,884.64,96054.1,95943.52,96164.68,Potential Overstock
P018,AHM001,101420,20,6,30,18.43,16.17,18.43,18.43,552.9,1105.8,663.48,1326.96,442.32,884.64,100867.1,100756.52,100977.68,Potential Overstock
P019,DEL001,118200,24,3,15,22.57,20.9,22.57,22.57,677.1,1354.2,812.52,1625.04,541.68,1083.36,117522.9,117387.48,117658.32,Potential Overstock
P019,PUN001,109388,24,3,15,22.57,20.9,22.57,22.57,677.1,1354.2,812.52,1625.04,541.68,1083.36,108710.9,108575.48,108846.32,Potential Overstock
P019,CHN001,100413,24,3,15,22.57,20.9,22.57,22.57,677.1,1354.2,812.52,1625.04,541.68,1083.36,99735.9,99600.48,99871.32,Potential Overstock
P019,HYD001,100008,24,3,15,22.57,20.9,22.57,22.57,677.1,1354.2,812.52,1625.04,541.68,1083.36,99330.9,99195.48,99466.32,Potential Overstock
P019,KOL001,88853,24,3,15,22.57,20.9,22.57,22.57,677.1,1354.2,812.52,1625.04,541.68,1083.36,88175.9,88040.48,88311.32,Potential Overstock
P019,AHM001,105387,24,3,15,22.57,20.9,22.57,22.57,677.1,1354.2,812.52,1625.04,541.68,1083.36,104709.9,104574.48,104845.32,Potential Overstock
P020,DEL001,104360,8,45,250,29.57,17.03,29.57,29.57,887.1,1774.2,1064.52,2129.04,709.68,1419.36,103472.9,103295.48,103650.32,Potential Overstock
P020,PUN001,102734,8,45,250,29.57,17.03,29.57,29.57,887.1,1774.2,1064.52,2129.04,709.68,1419.36,101846.9,101669.48,102024.32,Potential Overstock
P020,CHN001,113260,8,45,250,29.57,17.03,29.57,29.57,887.1,1774.2,1064.52,2129.04,709.68,1419.36,112372.9,112195.48,112550.32,Potential Overstock
P020,HYD001,102636,8,45,250,29.57,17.03,29.57,29.57,887.1,1774.2,1064.52,2129.04,709.68,1419.36,101748.9,101571.48,101926.32,Potential Overstock
P020,KOL001,99570,8,45,250,29.57,17.03,29.57,29.57,887.1,1774.2,1064.52,2129.04,709.68,1419.36,98682.9,98505.48,98860.32,Potential Overstock
P020,AHM001,102706,8,45,250,29.57,17.03,29.57,29.57,887.1,1774.2,1064.52,2129.04,709.68,1419.36,101818.9,101641.48,101996.32,Potential Overstock
P021,DEL001,115902,26,3,20,25.86,16.97,25.86,25.86,775.8,1551.6,930.96,1861.92,620.64,1241.28,115126.2,114971.04,115281.36,Potential Overstock
P021,PUN001,105385,26,3,20,25.86,16.97,25.86,25.86,775.8,1551.6,930.96,1861.92,620.64,1241.28,104609.2,104454.04,104764.36,Potential Overstock
P021,CHN001,100867,26,3,20,25.86,16.97,25.86,25.86,775.8,1551.6,930.96,1861.92,620.64,1241.28,100091.2,99936.04,100246.36,Potential Overstock
P021,HYD001,99466,26,3,20,25.86,16.97,25.86,25.86,775.8,1551.6,930.96,1861.92,620.64,1241.28,98690.2,98535.04,98845.36,Potential Overstock
P021,KOL001,100829,26,3,20,25.86,16.97,25.86,25.86,775.8,1551.6,930.96,1861.92,620.64,1241.28,100053.2,99898.04,100208.36,Potential Overstock
P021,AHM001,108168,26,3,20,25.86,16.97,25.86,25.86,775.8,1551.6,930.96,1861.92,620.64,1241.28,107392.2,107237.04,107547.36,Potential Overstock
P022,DEL001,110752,18,5,30,15.57,14.57,15.57,15.57,467.1,934.2,560.52,1121.04,373.68,747.36,110284.9,110191.48,110378.32,Potential Overstock
P022,PUN001,111353,18,5,30,15.57,14.57,15.57,15.57,467.1,934.2,560.52,1121.04,373.68,747.36,110885.9,110792.48,110979.32,Potential Overstock
P022,CHN001,109061,18,5,30,15.57,14.57,15.57,15.57,467.1,934.2,560.52,1121.04,373.68,747.36,108593.9,108500.48,108687.32,Potential Overstock
P022,HYD001,112997,18,5,30,15.57,14.57,15.57,15.57,467.1,934.2,560.52,1121.04,373.68,747.36,112529.9,112436.48,112623.32,Potential Overstock
P022,KOL001,99690,18,5,30,15.57,14.57,15.57,15.57,467.1,934.2,560.52,1121.04,373.68,747.36,99222.9,99129.48,99316.32,Potential Overstock
P022,AHM001,103495,18,5,30,15.57,14.57,15.57,15.57,467.1,934.2,560.52,1121.04,373.68,747.36,103027.9,102934.48,103121.32,Potential Overstock
P023,DEL001,113718,20,3,18,12.0,14.8,12.0,12.0,360.0,720.0,432.0,864.0,288.0,576.0,113358.0,113286.0,113430.0,Potential Overstock
P023,PUN001,108328,20,3,18,12.0,14.8,12.0,12.0,360.0,720.0,432.0,864.0,288.0,576.0,107968.0,107896.0,108040.0,Potential Overstock
P023,CHN001,107267,20,3,18,12.0,14.8,12.0,12.0,360.0,720.0,432.0,864.0,288.0,576.0,106907.0,106835.0,106979.0,Potential Overstock
P023,HYD001,105798,20,3,18,12.0,14.8,12.0,12.0,360.0,720.0,432.0,864.0,288.0,576.0,105438.0,105366.0,105510.0,Potential Overstock
P023,KOL001,111851,20,3,18,12.0,14.8,12.0,12.0,360.0,720.0,432.0,864.0,288.0,576.0,111491.0,111419.0,111563.0,Potential Overstock
P023,AHM001,114558,20,3,18,12.0,14.8,12.0,12.0,360.0,720.0,432.0,864.0,288.0,576.0,114198.0,114126.0,114270.0,Potential Overstock
P024,DEL001,116412,22,4,22,10.57,15.67,10.57,10.57,317.1,634.2,380.52,761.04,253.68,507.36,116094.9,116031.48,116158.32,Potential Overstock
P024,PUN001,110555,22,4,22,10.57,15.67,10.57,10.57,317.1,634.2,380.52,761.04,253.68,507.36,110237.9,110174.48,110301.32,Potential Overstock
P024,CHN001,107215,22,4,22,10.57,15.67,10.57,10.57,317.1,634.2,380.52,761.04,253.68,507.36,106897.9,106834.48,106961.32,Potential Overstock
P024,HYD001,101998,22,4,22,10.57,15.67,10.57,10.57,317.1,634.2,380.52,761.04,253.68,507.36,101680.9,101617.48,101744.32,Potential Overstock
P024,KOL001,112198,22,4,22,10.57,15.67,10.57,10.57,317.1,634.2,380.52,761.04,253.68,507.36,111880.9,111817.48,111944.32,Potential Overstock
P024,AHM001,107810,22,4,22,10.57,15.67,10.57,10.57,317.1,634.2,380.52,761.04,253.68,507.36,107492.9,107429.48,107556.32,Potential Overstock
P025,DEL001,109936,14,6,40,21.29,19.83,21.29,21.29,638.7,1277.4,766.44,1532.88,510.96,1021.92,109297.3,109169.56,109425.04,Potential Overstock
P025,PUN001,110083,14,6,40,21.29,19.83,21.29,21.29,638.7,1277.4,766.44,1532.88,510.96,1021.92,109444.3,109316.56,109572.04,Potential Overstock
P025,CHN001,110058,14,6,40,21.29,19.83,21.29,21.29,638.7,1277.4,766.44,1532.88,510.96,1021.92,109419.3,109291.56,109547.04,Potential Overstock
P025,HYD001,113613,14,6,40,21.29,19.83,21.29,21.29,638.7,1277.4,766.44,1532.88,510.96,1021.92,112974.3,112846.56,113102.04,Potential Overstock
P025,KOL001,110579,14,6,40,21.29,19.83,21.29,21.29,638.7,1277.4,766.44,1532.88,510.96,1021.92,109940.3,109812.56,110068.04,Potential Overstock
P025,AHM001,97512,14,6,40,21.29,19.83,21.29,21.29,638.7,1277.4,766.44,1532.88,510.96,1021.92,96873.3,96745.56,97001.04,Potential Overstock
P026,DEL001,103678,4,100,500,21.0,22.57,21.0,21.0,630.0,1260.0,756.0,1512.0,504.0,1008.0,103048.0,102922.0,103174.0,Potential Overstock
P026,PUN001,105190,4,100,500,21.0,22.57,21.0,21.0,630.0,1260.0,756.0,1512.0,504.0,1008.0,104560.0,104434.0,104686.0,Potential Overstock
P026,CHN001,108895,4,100,500,21.0,22.57,21.0,21.0,630.0,1260.0,756.0,1512.0,504.0,1008.0,108265.0,108139.0,108391.0,Potential Overstock
P026,HYD001,108348,4,100,500,21.0,22.57,21.0,21.0,630.0,1260.0,756.0,1512.0,504.0,1008.0,107718.0,107592.0,107844.0,Potential Overstock
P026,KOL001,101412,4,100,500,21.0,22.57,21.0,21.0,630.0,1260.0,756.0,1512.0,504.0,1008.0,100782.0,100656.0,100908.0,Potential Overstock
P026,AHM001,103793,4,100,500,21.0,22.57,21.0,21.0,630.0,1260.0,756.0,1512.0,504.0,1008.0,103163.0,103037.0,103289.0,Potential Overstock
P027,DEL001,106775,5,80,400,23.29,21.53,23.29,23.29,698.7,1397.4,838.44,1676.88,558.96,1117.92,106076.3,105936.56,106216.04,Potential Overstock
P027,PUN001,112683,5,80,400,23.29,21.53,23.29,23.29,698.7,1397.4,838.44,1676.88,558.96,1117.92,111984.3,111844.56,112124.04,Potential Overstock
P027,CHN001,97973,5,80,400,23.29,21.53,23.29,23.29,698.7,1397.4,838.44,1676.88,558.96,1117.92,97274.3,97134.56,97414.04,Potential Overstock
P027,HYD001,104746,5,80,400,23.29,21.53,23.29,23.29,698.7,1397.4,838.44,1676.88,558.96,1117.92,104047.3,103907.56,104187.04,Potential Overstock
P027,KOL001,100477,5,80,400,23.29,21.53,23.29,23.29,698.7,1397.4,838.44,1676.88,558.96,1117.92,99778.3,99638.56,99918.04,Potential Overstock
P027,AHM001,108337,5,80,400,23.29,21.53,23.29,23.29,698.7,1397.4,838.44,1676.88,558.96,1117.92,107638.3,107498.56,107778.04,Potential Overstock
P028,DEL001,106744,9,20,100,20.43,22.4,20.43,20.43,612.9,1225.8,735.48,1470.96,490.32,980.64,106131.1,106008.52,106253.68,Potential Overstock
P028,PUN001,105401,9,20,100,20.43,22.4,20.43,20.43,612.9,1225.8,735.48,1470.96,490.32,980.64,104788.1,104665.52,104910.68,Potential Overstock
P028,CHN001,103464,9,20,100,20.43,22.4,20.43,20.43,612.9,1225.8,735.48,1470.96,490.32,980.64,102851.1,102728.52,102973.68,Potential Overstock
P028,HYD001,102248,9,20,100,20.43,22.4,20.43,20.43,612.9,1225.8,735.48,1470.96,490.32,980.64,101635.1,101512.52,101757.68,Potential Overstock
P028,KOL001,104851,9,20,100,20.43,22.4,20.43,20.43,612.9,1225.8,735.48,1470.96,490.32,980.64,104238.1,104115.52,104360.68,Potential Overstock
P028,AHM001,101538,9,20,100,20.43,22.4,20.43,20.43,612.9,1225.8,735.48,1470.96,490.32,980.64,100925.1,100802.52,101047.68,Potential Overstock
P029,DEL001,108622,8,12,60,26.0,20.43,26.0,26.0,780.0,1560.0,936.0,1872.0,624.0,1248.0,107842.0,107686.0,107998.0,Potential Overstock
P029,PUN001,109429,8,12,60,26.0,20.43,26.0,26.0,780.0,1560.0,936.0,1872.0,624.0,1248.0,108649.0,108493.0,108805.0,Potential Overstock
P029,CHN001,101572,8,12,60,26.0,20.43,26.0,26.0,780.0,1560.0,936.0,1872.0,624.0,1248.0,100792.0,100636.0,100948.0,Potential Overstock
P029,HYD001,112739,8,12,60,26.0,20.43,26.0,26.0,780.0,1560.0,936.0,1872.0,624.0,1248.0,111959.0,111803.0,112115.0,Potential Overstock
P029,KOL001,105010,8,12,60,26.0,20.43,26.0,26.0,780.0,1560.0,936.0,1872.0,624.0,1248.0,104230.0,104074.0,104386.0,Potential Overstock
P029,AHM001,97606,8,12,60,26.0,20.43,26.0,26.0,780.0,1560.0,936.0,1872.0,624.0,1248.0,96826.0,96670.0,96982.0,Potential Overstock
P030,DEL001,103131,18,5,25,24.0,16.2,24.0,24.0,720.0,1440.0,864.0,1728.0,576.0,1152.0,102411.0,102267.0,102555.0,Potential Overstock
P030,PUN001,112388,18,5,25,24.0,16.2,24.0,24.0,720.0,1440.0,864.0,1728.0,576.0,1152.0,111668.0,111524.0,111812.0,Potential Overstock
P030,CHN001,105447,18,5,25,24.0,16.2,24.0,24.0,720.0,1440.0,864.0,1728.0,576.0,1152.0,104727.0,104583.0,104871.0,Potential Overstock
P030,HYD001,104611,18,5,25,24.0,16.2,24.0,24.0,720.0,1440.0,864.0,1728.0,576.0,1152.0,103891.0,103747.0,104035.0,Potential Overstock
P030,KOL001,103465,18,5,25,24.0,16.2,24.0,24.0,720.0,1440.0,864.0,1728.0,576.0,1152.0,102745.0,102601.0,102889.0,Potential Overstock
P030,AHM001,103248,18,5,25,24.0,16.2,24.0,24.0,720.0,1440.0,864.0,1728.0,576.0,1152.0,102528.0,102384.0,102672.0,Potential Overstock
