customer_id,total_orders,total_order_value,average_order_value,first_order_date,last_order_date,activity_days,purchase_behaviour
C0153,59,85877020,1455542.71,2019-01-17,2024-12-12,2156,Highly Frequent
C0483,53,85183900,1607243.4,2019-02-20,2024-12-18,2128,Highly Frequent
C0288,63,84094790,1334837.94,2019-02-21,2024-10-18,2066,Highly Frequent
C0495,52,82914040,1594500.77,2019-01-01,2024-11-25,2155,Highly Frequent
C0420,54,82700390,1531488.7,2019-01-10,2024-11-22,2143,Highly Frequent
C0240,50,81776260,1635525.2,2019-02-19,2024-11-10,2091,Highly Frequent
C0207,51,79795630,1564620.2,2019-02-10,2024-10-13,2072,Highly Frequent
C0342,44,78469470,1783397.05,2019-04-12,2024-10-09,2007,Highly Frequent
C0359,52,78412380,1507930.38,2019-02-12,2024-11-28,2116,Highly Frequent
C0466,52,78342990,1506595.96,2019-01-25,2024-12-13,2149,Highly Frequent
C0475,58,76825820,1324583.1,2019-01-19,2024-12-18,2160,Highly Frequent
C0178,58,76367620,1316683.1,2019-01-22,2024-12-09,2148,Highly Frequent
C0046,51,76069120,1491551.37,2019-02-03,2024-12-09,2136,Highly Frequent
C0206,46,75741580,1646556.09,2019-01-08,2024-12-11,2164,Highly Frequent
C0254,52,75547750,1452841.35,2019-07-01,2024-09-25,1913,Highly Frequent
C0110,44,74097790,1684040.68,2019-01-25,2024-06-21,1974,Highly Frequent
C0083,50,74075280,1481505.6,2019-05-23,2024-10-04,1961,Highly Frequent
C0490,50,73710890,1474217.8,2019-01-26,2024-12-29,2164,Highly Frequent
C0200,52,73304770,1409707.12,2019-02-09,2024-11-25,2116,Highly Frequent
C0291,54,73179030,1355167.22,2019-03-13,2024-12-03,2092,Highly Frequent
C0462,52,72302020,1390423.46,2019-01-06,2024-11-13,2138,Highly Frequent
C0134,50,71908050,1438161.0,2019-03-03,2024-11-24,2093,Highly Frequent
C0304,51,71638560,1404677.65,2019-01-26,2024-12-25,2160,Highly Frequent
C0380,58,71455250,1231987.07,2019-01-29,2024-12-08,2140,Highly Frequent
C0371,51,71366470,1399342.55,2019-01-03,2024-11-02,2130,Highly Frequent
C0241,46,71234710,1548580.65,2019-02-01,2024-10-31,2099,Highly Frequent
C0084,47,71147780,1513782.55,2019-04-29,2024-12-05,2047,Highly Frequent
C0107,52,70691460,1359451.15,2019-01-01,2024-12-11,2171,Highly Frequent
C0468,56,70116180,1252074.64,2019-02-11,2024-12-31,2150,Highly Frequent
C0421,45,69154590,1536768.67,2019-04-06,2024-09-17,1991,Highly Frequent
C0294,51,69115310,1355202.16,2019-03-26,2024-12-27,2103,Highly Frequent
C0142,48,68942040,1436292.5,2019-02-06,2024-12-08,2132,Highly Frequent
C0307,48,68834490,1434051.88,2019-01-15,2024-11-24,2140,Highly Frequent
C0070,48,68783440,1432988.33,2019-02-04,2024-12-20,2146,Highly Frequent
C0076,49,68416560,1396256.33,2019-01-12,2024-12-27,2176,Highly Frequent
C0440,47,67904760,1444782.13,2019-01-29,2024-10-21,2092,Highly Frequent
C0005,51,67256610,1318757.06,2019-02-28,2024-10-04,2045,Highly Frequent
C0197,50,66821570,1336431.4,2019-02-22,2024-10-18,2065,Highly Frequent
C0403,49,66810710,1363483.88,2019-02-19,2024-12-10,2121,Highly Frequent
C0394,46,66611310,1448071.96,2019-03-08,2024-11-21,2085,Highly Frequent
C0201,49,66387120,1354839.18,2019-02-01,2024-12-13,2142,Highly Frequent
C0435,57,66153460,1160587.02,2019-03-12,2024-11-01,2061,Highly Frequent
C0049,42,66038070,1572335.0,2019-01-25,2024-12-25,2161,Highly Frequent
C0476,38,65951870,1735575.53,2019-01-13,2024-09-29,2086,Highly Frequent
C0119,58,65855380,1135437.59,2019-01-07,2024-11-23,2147,Highly Frequent
C0375,44,65579710,1490447.95,2019-02-20,2024-11-03,2083,Highly Frequent
C0113,42,65271430,1554081.67,2019-01-13,2024-12-23,2171,Highly Frequent
C0244,48,64972160,1353586.67,2019-05-06,2024-12-09,2044,Highly Frequent
C0069,52,64878390,1247661.35,2019-02-18,2024-12-11,2123,Highly Frequent
C0129,40,64690070,1617251.75,2019-01-06,2024-12-18,2173,Highly Frequent
C0060,50,64410620,1288212.4,2019-01-19,2024-11-24,2136,Highly Frequent
C0013,49,64377720,1313831.02,2019-01-02,2024-10-27,2125,Highly Frequent
C0272,43,64345280,1496401.86,2019-09-01,2024-12-13,1930,Highly Frequent
C0221,44,64336800,1462200.0,2019-01-17,2024-09-05,2058,Highly Frequent
C0384,42,64311810,1531233.57,2019-02-05,2024-09-09,2043,Highly Frequent
C0482,36,64020490,1778346.94,2019-12-15,2024-12-03,1815,Highly Frequent
C0082,50,63866170,1277323.4,2019-03-17,2024-12-18,2103,Highly Frequent
C0062,38,63839240,1679980.0,2019-03-18,2024-10-31,2054,Highly Frequent
C0169,44,63375830,1440359.77,2019-03-25,2024-10-27,2043,Highly Frequent
C0234,33,63256170,1916853.64,2019-01-09,2024-12-26,2178,Highly Frequent
C0250,45,63230590,1405124.22,2019-03-08,2024-12-20,2114,Highly Frequent
C0295,46,63205470,1374031.96,2019-03-07,2024-10-09,2043,Highly Frequent
C0165,51,63180540,1238834.12,2019-02-27,2024-12-24,2127,Highly Frequent
C0215,53,62827530,1185425.09,2019-02-28,2024-12-24,2126,Highly Frequent
C0102,38,62773480,1651933.68,2019-03-11,2024-10-24,2054,Highly Frequent
C0276,49,62626530,1278092.45,2019-01-08,2024-12-29,2182,Highly Frequent
C0356,45,62479450,1388432.22,2019-03-16,2024-12-05,2091,Highly Frequent
C0103,42,62476630,1487538.81,2019-02-21,2024-08-29,2016,Highly Frequent
C0297,39,62422580,1600578.97,2019-01-19,2024-07-01,1990,Highly Frequent
C0219,48,62317920,1298290.0,2019-01-09,2024-12-21,2173,Highly Frequent
C0459,45,62289100,1384202.22,2019-03-10,2024-12-14,2106,Highly Frequent
C0478,47,61995630,1319055.96,2019-02-04,2024-12-29,2155,Highly Frequent
C0311,46,61951490,1346771.52,2019-02-03,2024-09-17,2053,Highly Frequent
C0489,51,61811660,1211993.33,2019-04-14,2024-08-17,1952,Highly Frequent
C0422,44,61810690,1404788.41,2019-09-19,2024-11-04,1873,Highly Frequent
C0282,51,61527530,1206422.16,2019-01-17,2024-12-24,2168,Highly Frequent
C0042,44,61493750,1397585.23,2019-01-25,2024-10-13,2088,Highly Frequent
C0135,45,61465530,1365900.67,2019-03-09,2024-08-27,1998,Highly Frequent
C0491,32,61370730,1917835.31,2019-03-27,2024-07-04,1926,Highly Frequent
C0246,37,61368980,1658621.08,2019-01-26,2024-11-02,2107,Highly Frequent
C0284,45,61309650,1362436.67,2019-01-09,2024-12-23,2175,Highly Frequent
C0196,54,61286970,1134943.89,2019-01-09,2024-10-28,2119,Highly Frequent
C0168,38,61195700,1610413.16,2019-06-02,2024-12-18,2026,Highly Frequent
C0154,46,61178520,1329967.83,2019-01-29,2024-12-16,2148,Highly Frequent
C0002,56,61160690,1092155.18,2019-01-24,2024-11-28,2135,Highly Frequent
C0411,46,61125740,1328820.43,2019-06-05,2024-12-12,2017,Highly Frequent
C0006,46,60992880,1325932.17,2019-04-21,2024-09-02,1961,Highly Frequent
C0045,43,60965470,1417801.63,2019-02-02,2024-12-15,2143,Highly Frequent
C0041,42,60948700,1451159.52,2019-01-11,2024-06-11,1978,Highly Frequent
C0373,43,60942770,1417273.72,2019-04-03,2024-09-02,1979,Highly Frequent
C0016,41,60898100,1485319.51,2019-01-18,2024-12-18,2161,Highly Frequent
C0242,50,60722930,1214458.6,2019-01-30,2024-11-18,2119,Highly Frequent
C0186,42,60717650,1445658.33,2019-02-17,2024-12-11,2124,Highly Frequent
C0300,44,60578170,1376776.59,2019-05-05,2024-11-30,2036,Highly Frequent
C0063,43,60573240,1408680.0,2019-02-28,2024-12-19,2121,Highly Frequent
C0071,47,60419160,1285514.04,2019-01-24,2024-11-26,2133,Highly Frequent
C0257,45,60172930,1337176.22,2019-01-18,2024-12-23,2166,Highly Frequent
C0116,40,60134220,1503355.5,2019-01-06,2024-09-25,2089,Highly Frequent
C0026,41,60102980,1465926.34,2019-01-09,2024-12-29,2181,Highly Frequent
C0255,49,60102490,1226581.43,2019-01-05,2024-11-11,2137,Highly Frequent
C0216,46,60089830,1306300.65,2019-01-27,2024-11-20,2124,Highly Frequent
C0385,42,60053350,1429841.67,2019-07-27,2024-09-23,1885,Highly Frequent
C0160,49,59980970,1224101.43,2019-02-19,2024-11-23,2104,Highly Frequent
C0369,46,59977870,1303866.74,2019-01-26,2024-12-13,2148,Highly Frequent
C0141,40,59888120,1497203.0,2019-04-06,2024-11-15,2050,Highly Frequent
C0237,46,59754510,1299011.09,2019-01-28,2024-10-15,2087,Highly Frequent
C0192,43,59390920,1381184.19,2019-01-19,2024-10-25,2106,Highly Frequent
C0343,45,59151480,1314477.33,2019-02-28,2024-11-21,2093,Highly Frequent
C0065,41,59050070,1440245.61,2019-01-01,2024-12-12,2172,Highly Frequent
C0253,40,59006480,1475162.0,2019-03-28,2024-11-27,2071,Highly Frequent
C0447,39,58830780,1508481.54,2019-01-05,2024-12-23,2179,Highly Frequent
C0025,44,58809760,1336585.45,2019-01-29,2024-09-21,2062,Highly Frequent
C0488,40,58528170,1463204.25,2019-03-01,2024-11-26,2097,Highly Frequent
C0269,48,58480890,1218351.88,2019-01-12,2024-11-22,2141,Highly Frequent
C0374,46,58464410,1270965.43,2019-03-07,2024-12-10,2105,Highly Frequent
C0471,42,58365420,1389652.86,2019-02-23,2024-11-27,2104,Highly Frequent
C0140,44,58201560,1322762.73,2019-01-12,2024-11-24,2143,Highly Frequent
C0337,35,58199500,1662842.86,2019-04-15,2024-08-25,1959,Highly Frequent
C0032,45,58165930,1292576.22,2019-01-23,2024-10-25,2102,Highly Frequent
C0166,34,58111030,1709147.94,2019-01-18,2024-12-08,2151,Highly Frequent
C0318,41,58005460,1414767.32,2019-01-08,2024-11-09,2132,Highly Frequent
C0109,48,57909360,1206445.0,2019-01-14,2024-12-09,2156,Highly Frequent
C0193,44,57786600,1313331.82,2019-01-10,2024-11-30,2151,Highly Frequent
C0355,40,57761570,1444039.25,2019-01-03,2024-12-18,2176,Highly Frequent
C0270,46,57707880,1254519.13,2019-03-27,2024-12-20,2095,Highly Frequent
C0131,39,57656260,1478365.64,2019-02-21,2024-06-14,1940,Highly Frequent
C0455,40,57607900,1440197.5,2019-04-27,2024-11-27,2041,Highly Frequent
C0415,36,57595000,1599861.11,2019-03-13,2024-10-11,2039,Highly Frequent
C0261,40,57586180,1439654.5,2019-05-06,2024-12-06,2041,Highly Frequent
C0149,42,57543220,1370076.67,2019-02-28,2024-12-12,2114,Highly Frequent
C0425,44,57482400,1306418.18,2019-01-17,2024-12-09,2153,Highly Frequent
C0293,42,57398730,1366636.43,2019-01-19,2024-09-25,2076,Highly Frequent
C0128,39,57387360,1471470.77,2019-01-02,2024-12-18,2177,Highly Frequent
C0499,44,57171990,1299363.41,2019-01-18,2024-11-29,2142,Highly Frequent
C0184,35,57050360,1630010.29,2019-03-12,2024-11-28,2088,Highly Frequent
C0306,47,57049240,1213813.62,2019-07-19,2024-12-16,1977,Highly Frequent
C0428,45,56913820,1264751.56,2019-01-25,2024-08-26,2040,Highly Frequent
C0225,51,56839930,1114508.43,2019-03-17,2024-07-17,1949,Highly Frequent
C0209,46,56741580,1233512.61,2019-10-18,2024-11-22,1862,Highly Frequent
C0460,36,56715420,1575428.33,2019-04-06,2024-11-25,2060,Highly Frequent
C0172,42,56707730,1350184.05,2019-04-26,2024-11-27,2042,Highly Frequent
C0377,40,56674980,1416874.5,2019-01-08,2024-12-07,2160,Highly Frequent
C0264,39,56501370,1448753.08,2019-01-02,2024-11-02,2131,Highly Frequent
C0383,43,56328200,1309958.14,2019-02-18,2024-11-19,2101,Highly Frequent
C0429,44,56178520,1276784.55,2019-02-08,2024-10-21,2082,Highly Frequent
C0054,42,56103080,1335787.62,2019-01-31,2024-12-14,2144,Highly Frequent
C0191,31,56028890,1807383.55,2019-02-03,2024-12-12,2139,Highly Frequent
C0469,44,55971040,1272069.09,2019-01-04,2024-12-18,2175,Highly Frequent
C0247,42,55849110,1329740.71,2019-02-14,2024-11-13,2099,Highly Frequent
C0461,42,55770880,1327878.1,2019-02-27,2024-10-31,2073,Highly Frequent
C0236,47,55730670,1185758.94,2019-03-21,2024-10-25,2045,Highly Frequent
C0085,44,55654550,1264876.14,2019-01-01,2024-09-20,2089,Highly Frequent
C0341,38,55626730,1463861.32,2019-03-10,2024-10-07,2038,Highly Frequent
C0406,37,55494220,1499843.78,2019-02-25,2024-10-11,2055,Highly Frequent
C0326,47,55349670,1177652.55,2019-03-14,2024-12-30,2118,Highly Frequent
C0126,39,55322000,1418512.82,2019-03-05,2024-04-05,1858,Highly Frequent
C0340,39,55130110,1413592.56,2019-01-05,2024-12-04,2160,Highly Frequent
C0263,40,55123450,1378086.25,2019-03-06,2024-11-01,2067,Highly Frequent
C0123,37,55075400,1488524.32,2019-01-16,2024-11-04,2119,Highly Frequent
C0319,37,54752580,1479799.46,2019-05-16,2024-12-08,2033,Highly Frequent
C0189,41,54638690,1332650.98,2019-03-03,2024-11-11,2080,Highly Frequent
C0408,39,54619740,1400506.15,2019-07-06,2024-11-02,1946,Highly Frequent
C0314,45,54595560,1213234.67,2019-01-22,2024-09-26,2074,Highly Frequent
C0331,44,54547840,1239723.64,2019-04-12,2024-12-15,2074,Highly Frequent
C0035,46,54533770,1185516.74,2019-01-07,2024-11-12,2136,Highly Frequent
C0413,46,54533070,1185501.52,2019-02-06,2024-11-08,2102,Highly Frequent
C0010,50,54508210,1090164.2,2019-01-23,2024-11-27,2135,Highly Frequent
C0138,41,54457080,1328221.46,2019-01-10,2024-12-25,2176,Highly Frequent
C0258,31,54371200,1753909.68,2019-02-04,2024-10-10,2075,Highly Frequent
C0268,37,54298750,1467533.78,2019-01-21,2024-10-07,2086,Highly Frequent
C0414,44,54269830,1233405.23,2019-02-16,2024-12-31,2145,Highly Frequent
C0161,43,54232700,1261225.58,2019-03-24,2024-11-17,2065,Highly Frequent
C0176,44,54048740,1228380.45,2019-01-14,2024-08-07,2032,Highly Frequent
C0009,34,54041610,1589459.12,2019-04-14,2024-11-04,2031,Highly Frequent
C0055,37,53940970,1457864.05,2019-04-01,2024-12-11,2081,Highly Frequent
C0162,30,53940730,1798024.33,2019-07-05,2024-10-14,1928,Highly Frequent
C0205,39,53896570,1381963.33,2019-01-10,2024-11-15,2136,Highly Frequent
C0486,42,53820770,1281446.9,2019-01-01,2024-10-07,2106,Highly Frequent
C0358,40,53790030,1344750.75,2019-04-17,2024-10-01,1994,Highly Frequent
C0448,37,53741830,1452481.89,2019-03-13,2024-12-11,2100,Highly Frequent
C0039,40,53722520,1343063.0,2019-04-17,2024-11-28,2052,Highly Frequent
C0398,43,53653050,1247745.35,2019-01-15,2024-12-02,2148,Highly Frequent
C0328,40,53610980,1340274.5,2019-01-03,2024-12-05,2163,Highly Frequent
C0381,34,53603960,1576587.06,2019-07-06,2024-12-21,1995,Highly Frequent
C0230,41,53600640,1307332.68,2019-02-19,2024-10-31,2081,Highly Frequent
C0023,37,53343670,1441720.81,2019-01-05,2024-12-27,2183,Highly Frequent
C0171,36,53338800,1481633.33,2019-04-27,2024-12-05,2049,Highly Frequent
C0213,32,53323570,1666361.56,2019-02-26,2024-08-31,2013,Highly Frequent
C0156,36,53295180,1480421.67,2019-01-14,2024-09-17,2073,Highly Frequent
C0175,41,53235590,1298429.02,2019-01-24,2024-11-04,2111,Highly Frequent
C0467,55,53206760,967395.64,2019-01-02,2024-11-06,2135,Highly Frequent
C0235,43,53090300,1234658.14,2019-05-08,2024-09-10,1952,Highly Frequent
C0396,40,52935440,1323386.0,2019-01-14,2024-12-07,2154,Highly Frequent
C0312,40,52920140,1323003.5,2019-04-16,2024-11-17,2042,Highly Frequent
C0464,39,52911390,1356702.31,2019-01-18,2024-09-13,2065,Highly Frequent
C0438,45,52796800,1173262.22,2019-06-17,2024-09-01,1903,Highly Frequent
C0249,40,52709760,1317744.0,2019-01-16,2024-10-01,2085,Highly Frequent
C0390,35,52697070,1505630.57,2019-03-13,2024-11-09,2068,Highly Frequent
C0101,43,52693260,1225424.65,2019-02-26,2024-10-10,2053,Highly Frequent
C0335,43,52685710,1225249.07,2019-01-31,2024-11-03,2103,Highly Frequent
C0001,40,52640600,1316015.0,2019-01-26,2024-12-25,2160,Highly Frequent
C0493,45,52616240,1169249.78,2019-02-18,2024-11-22,2104,Highly Frequent
C0105,46,52573780,1142908.26,2019-03-29,2024-11-26,2069,Highly Frequent
C0379,44,52506820,1193336.82,2019-03-29,2024-12-15,2088,Highly Frequent
C0365,47,52500540,1117032.77,2019-01-04,2024-11-05,2132,Highly Frequent
C0275,47,52499270,1117005.74,2019-06-17,2024-11-09,1972,Highly Frequent
C0485,34,52472400,1543305.88,2019-01-14,2024-10-01,2087,Highly Frequent
C0231,39,52413100,1343925.64,2019-02-15,2024-11-08,2093,Highly Frequent
C0443,43,52360250,1217680.23,2019-03-27,2024-11-18,2063,Highly Frequent
C0259,37,52219040,1411325.41,2019-02-02,2024-12-13,2141,Highly Frequent
C0031,40,52182080,1304552.0,2019-04-11,2024-08-13,1951,Highly Frequent
C0038,41,52105520,1270866.34,2019-01-08,2024-11-29,2152,Highly Frequent
C0498,30,52056060,1735202.0,2019-03-01,2024-08-19,1998,Highly Frequent
C0064,39,52021770,1333891.54,2019-03-21,2024-12-14,2095,Highly Frequent
C0099,52,52019750,1000379.81,2019-01-10,2024-12-26,2177,Highly Frequent
C0260,38,52018150,1368898.68,2019-01-30,2024-09-05,2045,Highly Frequent
C0302,42,51978350,1237579.76,2019-02-05,2024-12-24,2149,Highly Frequent
C0290,46,51960040,1129566.09,2019-03-04,2024-11-15,2083,Highly Frequent
C0333,42,51934490,1236535.48,2019-01-09,2024-12-02,2154,Highly Frequent
C0157,38,51879830,1365258.68,2019-02-15,2024-12-30,2145,Highly Frequent
C0349,36,51806430,1439067.5,2019-01-31,2024-10-19,2088,Highly Frequent
C0453,36,51744150,1437337.5,2019-05-25,2024-12-31,2047,Highly Frequent
C0056,38,51714180,1360899.47,2019-01-08,2024-11-10,2133,Highly Frequent
C0228,36,51601040,1433362.22,2019-03-27,2024-09-10,1994,Highly Frequent
C0407,43,51590180,1199771.63,2019-01-22,2024-12-25,2164,Highly Frequent
C0310,41,51400980,1253682.44,2019-05-30,2024-11-07,1988,Highly Frequent
C0021,47,51375230,1093090.0,2019-01-16,2024-11-01,2116,Highly Frequent
C0124,47,51329600,1092119.15,2019-01-11,2024-12-22,2172,Highly Frequent
C0492,37,51225690,1384478.11,2019-02-04,2024-11-05,2101,Highly Frequent
C0433,38,51222820,1347968.95,2019-09-11,2024-08-13,1798,Highly Frequent
C0227,39,51113410,1310600.26,2019-02-13,2024-10-24,2080,Highly Frequent
C0198,38,51107370,1344930.79,2019-03-27,2024-10-19,2033,Highly Frequent
C0015,38,51005500,1342250.0,2019-02-18,2024-11-16,2098,Highly Frequent
C0301,47,50854440,1082009.36,2019-01-13,2024-12-19,2167,Highly Frequent
C0273,40,50756990,1268924.75,2019-05-04,2024-12-31,2068,Highly Frequent
C0280,47,50723520,1079223.83,2019-01-12,2024-11-05,2124,Highly Frequent
C0286,39,50682130,1299541.79,2019-01-06,2024-12-29,2184,Highly Frequent
C0395,44,50643860,1150996.82,2019-02-21,2024-12-20,2129,Highly Frequent
C0080,46,50588120,1099741.74,2019-02-20,2024-11-03,2083,Highly Frequent
C0030,38,50515670,1329359.74,2019-01-30,2024-09-02,2042,Highly Frequent
C0047,36,50441290,1401146.94,2019-04-06,2024-08-25,1968,Highly Frequent
C0329,36,50414010,1400389.17,2019-01-03,2024-12-26,2184,Highly Frequent
C0274,42,50332620,1198395.71,2019-01-08,2024-06-27,1997,Highly Frequent
C0211,45,50253990,1116755.33,2019-03-06,2024-11-20,2086,Highly Frequent
C0363,37,50237880,1357780.54,2019-02-24,2024-11-07,2083,Highly Frequent
C0251,39,50171060,1286437.44,2019-01-09,2024-07-06,2005,Highly Frequent
C0050,30,50086150,1669538.33,2019-01-11,2024-12-14,2164,Highly Frequent
C0424,38,50065860,1317522.63,2019-03-22,2024-09-23,2012,Highly Frequent
C0173,36,50058960,1390526.67,2019-03-29,2024-11-08,2051,Highly Frequent
C0315,42,50056680,1191825.71,2019-01-09,2024-12-17,2169,Highly Frequent
C0496,41,49977230,1218956.83,2019-02-17,2024-12-27,2140,Highly Frequent
C0088,39,49923700,1280094.87,2019-01-26,2024-12-12,2147,Highly Frequent
C0190,38,49869830,1312363.95,2019-05-15,2024-12-29,2055,Highly Frequent
C0256,34,49845250,1466036.76,2019-01-03,2024-09-19,2086,Highly Frequent
C0439,43,49820310,1158611.86,2019-03-21,2024-12-29,2110,Highly Frequent
C0152,41,49749000,1213390.24,2019-03-10,2024-11-18,2080,Highly Frequent
C0077,38,49739710,1308939.74,2019-02-05,2024-12-16,2141,Highly Frequent
C0436,38,49724270,1308533.42,2019-02-01,2024-12-15,2144,Highly Frequent
C0217,38,49708160,1308109.47,2019-01-19,2024-12-18,2160,Highly Frequent
C0449,37,49669150,1342409.46,2019-06-25,2024-11-19,1974,Highly Frequent
C0093,41,49642790,1210799.76,2019-01-24,2024-12-01,2138,Highly Frequent
C0419,34,49492260,1455654.71,2019-03-05,2024-09-30,2036,Highly Frequent
C0399,42,49461920,1177664.76,2019-01-03,2024-12-25,2183,Highly Frequent
C0410,42,49311570,1174085.0,2019-01-01,2024-11-27,2157,Highly Frequent
C0378,42,49279070,1173311.19,2019-01-19,2024-12-15,2157,Highly Frequent
C0146,33,49274960,1493180.61,2019-01-20,2024-12-31,2172,Highly Frequent
C0232,41,49272940,1201779.02,2019-01-24,2024-12-29,2166,Highly Frequent
C0376,35,49197710,1405648.86,2019-01-31,2024-12-19,2149,Highly Frequent
C0081,40,49127920,1228198.0,2019-01-03,2024-12-23,2181,Highly Frequent
C0004,47,49040570,1043416.38,2019-03-21,2024-12-31,2112,Highly Frequent
C0024,48,49014090,1021126.88,2019-01-22,2024-09-17,2065,Highly Frequent
C0073,36,48992520,1360903.33,2019-03-23,2024-11-12,2061,Highly Frequent
C0327,45,48891270,1086472.67,2019-02-01,2024-12-06,2135,Highly Frequent
C0354,41,48835850,1191118.29,2019-01-06,2024-12-25,2180,Highly Frequent
C0445,30,48822870,1627429.0,2019-04-04,2024-12-28,2095,Highly Frequent
C0450,43,48802430,1134940.23,2019-01-15,2024-09-12,2067,Highly Frequent
C0158,37,48735540,1317176.76,2019-02-25,2024-09-26,2040,Highly Frequent
C0321,42,48683300,1159126.19,2019-01-04,2024-12-22,2179,Highly Frequent
C0401,38,48565440,1278037.89,2019-01-11,2024-10-25,2114,Highly Frequent
C0367,31,48346630,1559568.71,2019-02-28,2024-11-04,2076,Highly Frequent
C0188,45,48293510,1073189.11,2019-01-28,2024-12-27,2160,Highly Frequent
C0364,38,48290310,1270797.63,2019-01-04,2024-11-18,2145,Highly Frequent
C0458,43,48276200,1122702.33,2019-07-09,2024-12-28,1999,Highly Frequent
C0357,32,48125180,1503911.88,2019-01-05,2024-11-17,2143,Highly Frequent
C0457,35,48077820,1373652.0,2019-01-13,2024-11-15,2133,Highly Frequent
C0222,44,48043620,1091900.45,2019-01-30,2024-12-13,2144,Highly Frequent
C0481,40,47983990,1199599.75,2019-01-03,2024-12-31,2189,Highly Frequent
C0086,30,47920240,1597341.33,2019-01-12,2024-11-22,2141,Highly Frequent
C0059,39,47904570,1228322.31,2019-01-21,2024-12-20,2160,Highly Frequent
C0130,41,47762000,1164926.83,2019-02-17,2024-11-16,2099,Highly Frequent
C0409,45,47755320,1061229.33,2019-01-19,2024-10-09,2090,Highly Frequent
C0096,40,47646050,1191151.25,2019-01-02,2024-12-30,2189,Highly Frequent
C0106,42,47644410,1134390.71,2019-03-29,2024-11-12,2055,Highly Frequent
C0426,40,47615070,1190376.75,2019-02-20,2024-12-03,2113,Highly Frequent
C0427,46,47425980,1030999.57,2019-02-05,2024-11-26,2121,Highly Frequent
C0036,39,47362410,1214420.77,2019-03-26,2024-12-23,2099,Highly Frequent
C0397,41,47355040,1155000.98,2019-02-11,2024-12-17,2136,Highly Frequent
C0442,36,47299810,1313883.61,2019-01-28,2024-10-20,2092,Highly Frequent
C0027,44,47252220,1073914.09,2019-03-25,2024-12-26,2103,Highly Frequent
C0066,38,47238780,1243125.79,2019-01-29,2024-10-11,2082,Highly Frequent
C0181,40,47189990,1179749.75,2019-04-13,2024-12-15,2073,Highly Frequent
C0360,34,47187810,1387876.76,2019-05-25,2024-11-17,2003,Highly Frequent
C0278,45,47124980,1047221.78,2019-03-23,2024-12-03,2082,Highly Frequent
C0112,40,47047550,1176188.75,2019-02-27,2024-12-01,2104,Highly Frequent
C0072,30,47027920,1567597.33,2019-06-15,2024-12-23,2018,Highly Frequent
C0051,37,47017080,1270731.89,2019-02-15,2024-11-15,2100,Highly Frequent
C0148,40,46876850,1171921.25,2019-01-28,2024-12-09,2142,Highly Frequent
C0068,42,46858170,1115670.71,2019-03-11,2024-12-06,2097,Highly Frequent
C0245,37,46663320,1261170.81,2019-01-01,2024-11-30,2160,Highly Frequent
C0266,37,46658690,1261045.68,2019-01-22,2024-09-24,2072,Highly Frequent
C0444,35,46629480,1332270.86,2019-02-25,2024-08-06,1989,Highly Frequent
C0017,40,46619950,1165498.75,2019-01-31,2024-12-21,2151,Highly Frequent
C0164,39,46613620,1195221.03,2019-01-11,2024-11-13,2133,Highly Frequent
C0111,39,46609900,1195125.64,2019-04-09,2024-12-16,2078,Highly Frequent
C0074,45,46570120,1034891.56,2019-01-10,2024-12-31,2182,Highly Frequent
C0296,41,46533710,1134968.54,2019-01-02,2024-11-07,2136,Highly Frequent
C0195,33,46367090,1405063.33,2019-02-15,2024-12-28,2143,Highly Frequent
C0018,36,46340880,1287246.67,2019-05-31,2024-12-24,2034,Highly Frequent
C0202,35,46256330,1321609.43,2019-09-19,2024-09-21,1829,Highly Frequent
C0095,31,46147160,1488618.06,2019-01-16,2024-12-26,2171,Highly Frequent
C0361,35,46126450,1317898.57,2019-01-15,2024-09-26,2081,Highly Frequent
C0370,41,45980090,1121465.61,2019-02-18,2024-12-18,2130,Highly Frequent
C0185,39,45894360,1176778.46,2019-03-25,2024-09-16,2002,Highly Frequent
C0472,37,45819430,1238362.97,2019-04-29,2024-11-23,2035,Highly Frequent
C0330,41,45803070,1117148.05,2019-02-12,2024-08-10,2006,Highly Frequent
C0224,40,45785060,1144626.5,2019-01-30,2024-12-14,2145,Highly Frequent
C0463,36,45761800,1271161.11,2019-01-10,2024-08-22,2051,Highly Frequent
C0029,38,45653420,1201405.79,2019-01-16,2024-06-30,1992,Highly Frequent
C0480,37,45569160,1231598.92,2019-01-24,2024-11-24,2131,Highly Frequent
C0147,36,45513830,1264273.06,2019-02-05,2024-12-22,2147,Highly Frequent
C0477,37,45390380,1226767.03,2019-06-12,2024-10-13,1950,Highly Frequent
C0323,40,45380540,1134513.5,2019-01-11,2024-12-22,2172,Highly Frequent
C0033,34,45334540,1333368.82,2019-03-05,2024-12-12,2109,Highly Frequent
C0393,42,45246830,1077305.48,2019-03-27,2024-12-18,2093,Highly Frequent
C0289,40,45171030,1129275.75,2019-02-07,2024-10-29,2091,Highly Frequent
C0052,37,45097920,1218862.7,2019-02-12,2024-12-11,2129,Highly Frequent
C0098,37,45007740,1216425.41,2019-03-14,2024-12-18,2106,Highly Frequent
C0159,36,44984320,1249564.44,2019-02-02,2024-12-26,2154,Highly Frequent
C0404,35,44973650,1284961.43,2019-02-10,2024-12-26,2146,Highly Frequent
C0285,51,44949370,881360.2,2019-02-11,2024-12-05,2124,Highly Frequent
C0011,41,44933810,1095946.59,2019-01-03,2024-11-22,2150,Highly Frequent
C0137,28,44868410,1602443.21,2019-06-13,2024-12-12,2009,Highly Frequent
C0362,42,44698950,1064260.71,2019-02-19,2024-10-11,2061,Highly Frequent
C0345,44,44678620,1015423.18,2019-02-15,2024-11-20,2105,Highly Frequent
C0417,36,44665420,1240706.11,2019-04-02,2024-09-11,1989,Highly Frequent
C0058,41,44614910,1088168.54,2019-01-23,2024-12-24,2162,Highly Frequent
C0022,39,44585750,1143224.36,2019-01-13,2024-11-06,2124,Highly Frequent
C0325,33,44540760,1349720.0,2019-03-03,2024-11-09,2078,Highly Frequent
C0389,33,44362320,1344312.73,2019-04-04,2024-11-25,2062,Highly Frequent
C0067,33,44311920,1342785.45,2019-05-29,2024-12-30,2042,Highly Frequent
C0405,37,44240650,1195693.24,2019-01-30,2024-06-25,1973,Highly Frequent
C0265,33,44129000,1337242.42,2019-02-19,2024-09-27,2047,Highly Frequent
C0090,45,44051020,978911.56,2019-03-16,2024-10-22,2047,Highly Frequent
C0044,38,43843570,1153778.16,2019-01-05,2024-11-17,2143,Highly Frequent
C0423,35,43818650,1251961.43,2019-02-25,2024-12-27,2132,Highly Frequent
C0239,38,43671220,1149242.63,2019-10-11,2024-10-27,1843,Highly Frequent
C0218,45,43621310,969362.44,2019-02-02,2024-10-16,2083,Highly Frequent
C0127,31,43586400,1406012.9,2019-03-01,2024-06-25,1943,Highly Frequent
C0348,35,43554630,1244418.0,2019-04-15,2024-10-24,2019,Highly Frequent
C0075,35,43533480,1243813.71,2019-04-17,2024-10-20,2013,Highly Frequent
C0040,45,43439870,965330.44,2019-02-23,2024-12-21,2128,Highly Frequent
C0014,31,43395470,1399853.87,2019-02-17,2024-12-21,2134,Highly Frequent
C0446,36,43391360,1205315.56,2019-02-03,2024-10-16,2082,Highly Frequent
C0324,38,43386470,1141749.21,2019-01-24,2024-08-24,2039,Highly Frequent
C0114,36,43340450,1203901.39,2019-01-03,2024-09-27,2094,Highly Frequent
C0203,37,43333790,1171183.51,2019-02-25,2024-11-19,2094,Highly Frequent
C0432,41,43308880,1056314.15,2019-01-26,2024-10-04,2078,Highly Frequent
C0387,38,43291870,1139259.74,2019-01-02,2024-10-26,2124,Highly Frequent
C0287,36,43261120,1201697.78,2019-03-22,2024-11-27,2077,Highly Frequent
C0223,34,43216770,1271081.47,2019-03-01,2024-10-15,2055,Highly Frequent
C0338,38,43157630,1135727.11,2019-02-01,2024-11-23,2122,Highly Frequent
C0220,47,43066280,916303.83,2019-01-19,2024-11-06,2118,Highly Frequent
C0019,43,43064130,1001491.4,2019-01-19,2024-12-10,2152,Highly Frequent
C0097,30,43037580,1434586.0,2019-03-22,2024-12-16,2096,Highly Frequent
C0434,35,42930130,1226575.14,2019-01-05,2024-10-26,2121,Highly Frequent
C0118,39,42906280,1100161.03,2019-01-16,2024-12-30,2175,Highly Frequent
C0346,39,42873560,1099322.05,2019-01-21,2024-11-15,2125,Highly Frequent
C0012,38,42822150,1126898.68,2019-01-28,2024-10-10,2082,Highly Frequent
C0210,32,42817450,1338045.31,2019-02-20,2024-12-28,2138,Highly Frequent
C0133,31,42807750,1380895.16,2019-03-27,2024-04-07,1838,Highly Frequent
C0320,35,42807100,1223060.0,2019-04-01,2024-12-30,2100,Highly Frequent
C0298,37,42797160,1156680.0,2019-01-05,2024-11-20,2146,Highly Frequent
C0470,44,42659850,969542.05,2019-01-25,2024-09-27,2072,Highly Frequent
C0233,34,42607030,1253147.94,2019-02-15,2024-10-21,2075,Highly Frequent
C0391,35,42554570,1215844.86,2019-01-14,2024-11-30,2147,Highly Frequent
C0214,35,42524620,1214989.14,2019-01-12,2024-12-26,2175,Highly Frequent
C0497,33,42503770,1287993.03,2019-06-12,2024-12-10,2008,Highly Frequent
C0368,33,42468360,1286920.0,2019-02-17,2024-11-30,2113,Highly Frequent
C0465,39,42438980,1088178.97,2019-03-12,2024-12-12,2102,Highly Frequent
C0144,31,42387320,1367332.9,2019-03-14,2024-09-13,2010,Highly Frequent
C0299,37,42381340,1145441.62,2019-01-24,2024-08-30,2045,Highly Frequent
C0416,43,42362580,985176.28,2019-01-05,2024-10-20,2115,Highly Frequent
C0122,33,42300750,1281840.91,2019-01-12,2024-11-05,2124,Highly Frequent
C0386,38,42278620,1112595.26,2019-04-23,2024-11-04,2022,Highly Frequent
C0400,38,42250310,1111850.26,2019-04-06,2024-10-23,2027,Highly Frequent
C0474,35,42219110,1206260.29,2019-01-11,2024-11-07,2127,Highly Frequent
C0308,36,42189220,1171922.78,2019-02-19,2024-12-12,2123,Highly Frequent
C0388,34,41959050,1234089.71,2019-03-21,2024-12-12,2093,Highly Frequent
C0484,31,41941080,1352938.06,2019-01-30,2024-11-10,2111,Highly Frequent
C0372,37,41848360,1131036.76,2019-02-15,2024-07-10,1972,Highly Frequent
C0352,37,41846330,1130981.89,2019-02-23,2024-11-11,2088,Highly Frequent
C0199,38,41788400,1099694.74,2019-01-19,2024-10-21,2102,Highly Frequent
C0313,32,41705840,1303307.5,2019-05-28,2024-09-02,1924,Highly Frequent
C0167,35,41587150,1188204.29,2019-01-03,2024-12-28,2186,Highly Frequent
C0441,35,41532900,1186654.29,2019-01-17,2024-10-19,2102,Highly Frequent
C0332,39,41463910,1063177.18,2019-01-19,2024-11-23,2135,Highly Frequent
C0305,33,41460360,1256374.55,2019-05-16,2024-11-27,2022,Highly Frequent
C0087,41,41444460,1010840.49,2019-01-22,2024-12-17,2156,Highly Frequent
C0281,31,41345180,1333715.48,2019-01-01,2024-06-25,2002,Highly Frequent
C0057,35,41341790,1181194.0,2019-03-20,2024-12-04,2086,Highly Frequent
C0136,42,41124050,979144.05,2019-03-23,2024-11-13,2062,Highly Frequent
C0120,36,41105250,1141812.5,2019-01-02,2024-11-15,2144,Highly Frequent
C0451,42,41063830,977710.24,2019-01-07,2024-07-06,2007,Highly Frequent
C0317,38,40944770,1077493.95,2019-01-17,2024-12-25,2169,Highly Frequent
C0339,27,40846800,1512844.44,2019-05-01,2024-08-16,1934,Highly Frequent
C0208,34,40653790,1195699.71,2019-01-20,2024-12-30,2171,Highly Frequent
C0163,40,40457330,1011433.25,2019-06-02,2024-08-05,1891,Highly Frequent
C0473,31,40406800,1303445.16,2019-03-04,2024-11-15,2083,Highly Frequent
C0048,34,40336880,1186378.82,2019-01-16,2024-10-06,2090,Highly Frequent
C0316,38,40257180,1059399.47,2019-03-08,2024-09-22,2025,Highly Frequent
C0402,39,40181870,1030304.36,2019-01-25,2024-07-12,1995,Highly Frequent
C0089,40,40101850,1002546.25,2019-01-02,2024-11-14,2143,Highly Frequent
C0100,42,40056040,953715.24,2019-01-25,2024-11-10,2116,Highly Frequent
C0132,39,40004370,1025753.08,2019-02-22,2024-10-01,2048,Highly Frequent
C0003,40,39965740,999143.5,2019-04-05,2024-10-30,2035,Highly Frequent
C0452,42,39890320,949769.52,2019-03-05,2024-12-27,2124,Highly Frequent
C0252,38,39885550,1049619.74,2019-08-03,2024-11-07,1923,Highly Frequent
C0243,34,39757700,1169344.12,2019-07-13,2024-12-10,1977,Highly Frequent
C0382,37,39722420,1073578.92,2019-04-17,2024-11-19,2043,Highly Frequent
C0043,37,39495710,1067451.62,2019-04-04,2024-06-14,1898,Highly Frequent
C0094,33,39474600,1196200.0,2019-01-18,2024-09-20,2072,Highly Frequent
C0431,31,39337010,1268935.81,2019-06-09,2024-07-05,1853,Highly Frequent
C0194,36,39279180,1091088.33,2019-04-15,2024-12-26,2082,Highly Frequent
C0344,30,39253370,1308445.67,2019-01-04,2024-06-17,1991,Highly Frequent
C0418,32,39210750,1225335.94,2019-03-18,2024-11-14,2068,Highly Frequent
C0226,28,39194740,1399812.14,2019-01-22,2024-09-28,2076,Highly Frequent
C0143,29,39164970,1350516.21,2019-01-11,2024-08-02,2030,Highly Frequent
C0121,36,39128960,1086915.56,2019-01-22,2024-12-01,2140,Highly Frequent
C0350,37,39052200,1055464.86,2019-05-03,2024-11-25,2033,Highly Frequent
C0187,31,38937400,1256045.16,2019-05-02,2024-11-08,2017,Highly Frequent
C0092,41,38901670,948821.22,2019-01-17,2024-07-30,2021,Highly Frequent
C0412,37,38694470,1045796.49,2019-04-20,2024-05-28,1865,Highly Frequent
C0267,33,38686930,1172331.21,2019-03-07,2024-03-25,1845,Highly Frequent
C0008,36,38574950,1071526.39,2019-03-04,2024-07-16,1961,Highly Frequent
C0037,38,38561970,1014788.68,2019-06-12,2024-10-25,1962,Highly Frequent
C0437,32,38523930,1203872.81,2019-02-09,2024-12-21,2142,Highly Frequent
C0125,36,38490080,1069168.89,2019-02-17,2024-12-09,2122,Highly Frequent
C0020,41,38461450,938084.15,2019-01-26,2024-10-17,2091,Highly Frequent
C0212,35,38459600,1098845.71,2019-02-01,2024-11-15,2114,Highly Frequent
C0115,33,38312450,1160983.33,2019-05-07,2024-11-28,2032,Highly Frequent
C0262,30,38179240,1272641.33,2019-02-26,2024-12-04,2108,Highly Frequent
C0053,31,38021810,1226510.0,2019-05-16,2024-09-18,1952,Highly Frequent
C0139,36,38021440,1056151.11,2019-03-13,2024-11-10,2069,Highly Frequent
C0170,32,37935380,1185480.62,2019-03-21,2024-12-20,2101,Highly Frequent
C0494,32,37868420,1183388.12,2019-02-25,2024-11-28,2103,Highly Frequent
C0007,36,37839490,1051096.94,2019-05-08,2024-11-03,2006,Highly Frequent
C0351,38,37753190,993505.0,2019-03-29,2024-09-12,1994,Highly Frequent
C0430,29,37535780,1294337.24,2019-03-08,2024-10-11,2044,Highly Frequent
C0079,33,37415140,1133792.12,2019-01-25,2024-11-28,2134,Highly Frequent
C0392,34,37128430,1092012.65,2019-02-11,2024-12-12,2131,Highly Frequent
C0366,30,36772070,1225735.67,2019-03-09,2024-10-26,2058,Highly Frequent
C0454,37,36757440,993444.32,2019-02-08,2024-11-14,2106,Highly Frequent
C0500,29,36693490,1265292.76,2019-01-06,2024-12-07,2162,Highly Frequent
C0487,31,36312870,1171382.9,2019-03-08,2024-03-18,1837,Highly Frequent
C0283,33,36153120,1095549.09,2019-04-14,2024-09-04,1970,Highly Frequent
C0336,39,36133900,926510.26,2019-01-13,2024-10-26,2113,Highly Frequent
C0229,29,36130700,1245886.21,2019-05-15,2024-11-29,2025,Highly Frequent
C0277,38,35987190,947031.32,2019-05-28,2024-09-14,1936,Highly Frequent
C0117,35,35972400,1027782.86,2019-01-01,2024-10-08,2107,Highly Frequent
C0182,32,35873070,1121033.44,2019-03-03,2024-08-03,1980,Highly Frequent
C0155,36,35744630,992906.39,2019-03-24,2024-12-17,2095,Highly Frequent
C0151,31,35615980,1148902.58,2019-03-03,2024-11-28,2097,Highly Frequent
C0248,30,35510400,1183680.0,2019-01-10,2024-12-04,2155,Highly Frequent
C0150,34,35468440,1043189.41,2019-07-12,2024-11-09,1947,Highly Frequent
C0179,35,35257010,1007343.14,2019-05-20,2024-07-21,1889,Highly Frequent
C0104,36,35121810,975605.83,2019-02-27,2024-12-30,2133,Highly Frequent
C0078,33,34591140,1048216.36,2019-01-31,2024-10-08,2077,Highly Frequent
C0334,37,34503010,932513.78,2019-01-03,2024-08-24,2060,Highly Frequent
C0271,28,34224570,1222306.07,2019-06-05,2024-11-26,2001,Highly Frequent
C0204,33,34104450,1033468.18,2019-03-02,2024-12-08,2108,Highly Frequent
C0034,33,33729240,1022098.18,2019-01-05,2024-10-06,2101,Highly Frequent
C0108,26,33566370,1291014.23,2019-01-03,2024-12-29,2187,Highly Frequent
C0028,34,33463430,984218.53,2019-01-22,2024-11-13,2122,Highly Frequent
C0091,32,33399030,1043719.69,2019-01-09,2024-09-07,2068,Highly Frequent
C0322,29,32591500,1123844.83,2019-04-10,2024-12-10,2071,Highly Frequent
C0183,32,32501510,1015672.19,2019-01-17,2024-12-05,2149,Highly Frequent
C0177,30,31520790,1050693.0,2019-04-01,2024-12-25,2095,Highly Frequent
C0479,29,31298140,1079246.21,2019-02-22,2024-10-08,2055,Highly Frequent
C0061,32,31227160,975848.75,2019-01-29,2024-09-08,2049,Highly Frequent
C0238,32,30976180,968005.62,2019-01-22,2024-09-01,2049,Highly Frequent
C0292,31,30669960,989353.55,2019-01-11,2024-09-19,2078,Highly Frequent
C0279,28,30576800,1092028.57,2019-05-12,2024-11-12,2011,Highly Frequent
C0303,31,30524560,984663.23,2019-04-05,2024-12-01,2067,Highly Frequent
C0309,32,30418360,950573.75,2019-03-04,2024-12-17,2115,Highly Frequent
C0145,37,29769500,804581.08,2019-04-01,2024-12-29,2099,Highly Frequent
C0174,34,29047310,854332.65,2019-01-11,2024-12-21,2171,Highly Frequent
C0353,30,28192110,939737.0,2019-01-16,2024-10-08,2092,Highly Frequent
C0456,29,26909060,927898.62,2019-02-23,2024-10-16,2062,Highly Frequent
C0180,31,26408930,851900.97,2019-01-04,2024-12-10,2167,Highly Frequent
C0347,27,22852400,846385.19,2019-03-04,2024-12-03,2101,Highly Frequent
