customer_id,last_purchase_date,frequency,monetary,recency,recency_score,frequency_score,monetary_score,rfm_score,customer_segment
C0483,2024-12-18,53,85183900,14,4,4,4,12,Champions
C0475,2024-12-18,58,76825820,14,4,4,4,12,Champions
C0468,2024-12-31,56,70116180,1,4,4,4,12,Champions
C0478,2024-12-29,47,61995630,3,4,4,4,12,Champions
C0459,2024-12-14,45,62289100,18,4,4,4,12,Champions
C0466,2024-12-13,52,78342990,19,4,4,4,12,Champions
C0082,2024-12-18,50,63866170,14,4,4,4,12,Champions
C0276,2024-12-29,49,62626530,3,4,4,4,12,Champions
C0294,2024-12-27,51,69115310,5,4,4,4,12,Champions
C0284,2024-12-23,45,61309650,9,4,4,4,12,Champions
C0369,2024-12-13,46,59977870,19,4,4,4,12,Champions
C0070,2024-12-20,48,68783440,12,4,4,4,12,Champions
C0490,2024-12-29,50,73710890,3,4,4,4,12,Champions
C0270,2024-12-20,46,57707880,12,4,4,4,12,Champions
C0154,2024-12-16,46,61178520,16,4,4,4,12,Champions
C0257,2024-12-23,45,60172930,9,4,4,4,12,Champions
C0250,2024-12-20,45,63230590,12,4,4,4,12,Champions
C0201,2024-12-13,49,66387120,19,4,4,4,12,Champions
C0215,2024-12-24,53,62827530,8,4,4,4,12,Champions
C0219,2024-12-21,48,62317920,11,4,4,4,12,Champions
C0165,2024-12-24,51,63180540,8,4,4,4,12,Champions
C0304,2024-12-25,51,71638560,7,4,4,4,12,Champions
C0282,2024-12-24,51,61527530,8,4,4,4,12,Champions
C0076,2024-12-27,49,68416560,5,4,4,4,12,Champions
C0469,2024-12-18,44,55971040,14,4,4,3,11,Champions
C0049,2024-12-25,42,66038070,7,4,3,4,11,Champions
C0002,2024-11-28,56,61160690,34,3,4,4,11,Champions
C0045,2024-12-15,43,60965470,17,4,3,4,11,Champions
C0026,2024-12-29,41,60102980,3,4,3,4,11,Champions
C0071,2024-11-26,47,60419160,36,3,4,4,11,Champions
C0099,2024-12-26,52,52019750,6,4,4,3,11,Champions
C0379,2024-12-15,44,52506820,17,4,4,3,11,Champions
C0380,2024-12-08,58,71455250,24,3,4,4,11,Champions
C0069,2024-12-11,52,64878390,21,3,4,4,11,Champions
C0107,2024-12-11,52,70691460,21,3,4,4,11,Champions
C0109,2024-12-09,48,57909360,23,3,4,4,11,Champions
C0084,2024-12-05,47,71147780,27,3,4,4,11,Champions
C0124,2024-12-22,47,51329600,10,4,4,3,11,Champions
C0307,2024-11-24,48,68834490,38,3,4,4,11,Champions
C0291,2024-12-03,54,73179030,29,3,4,4,11,Champions
C0142,2024-12-08,48,68942040,24,3,4,4,11,Champions
C0306,2024-12-16,47,57049240,16,4,4,3,11,Champions
C0301,2024-12-19,47,50854440,13,4,4,3,11,Champions
C0113,2024-12-23,42,65271430,9,4,3,4,11,Champions
C0046,2024-12-09,51,76069120,23,3,4,4,11,Champions
C0394,2024-11-21,46,66611310,41,3,4,4,11,Champions
C0414,2024-12-31,44,54269830,1,4,4,3,11,Champions
C0403,2024-12-10,49,66810710,22,3,4,4,11,Champions
C0411,2024-12-12,46,61125740,20,3,4,4,11,Champions
C0060,2024-11-24,50,64410620,38,3,4,4,11,Champions
C0420,2024-11-22,54,82700390,40,3,4,4,11,Champions
C0063,2024-12-19,43,60573240,13,4,3,4,11,Champions
C0395,2024-12-20,44,50643860,12,4,4,3,11,Champions
C0119,2024-11-23,58,65855380,39,3,4,4,11,Champions
C0244,2024-12-09,48,64972160,23,3,4,4,11,Champions
C0269,2024-11-22,48,58480890,40,3,4,4,11,Champions
C0178,2024-12-09,58,76367620,23,3,4,4,11,Champions
C0160,2024-11-23,49,59980970,39,3,4,4,11,Champions
C0153,2024-12-12,59,85877020,20,3,4,4,11,Champions
C0272,2024-12-13,43,64345280,19,4,3,4,11,Champions
C0134,2024-11-24,50,71908050,38,3,4,4,11,Champions
C0356,2024-12-05,45,62479450,27,3,4,4,11,Champions
C0374,2024-12-10,46,58464410,22,3,4,4,11,Champions
C0359,2024-11-28,52,78412380,34,3,4,4,11,Champions
C0343,2024-11-21,45,59151480,41,3,4,4,11,Champions
C0495,2024-11-25,52,82914040,37,3,4,4,11,Champions
C0206,2024-12-11,46,75741580,21,3,4,4,11,Champions
C0216,2024-11-20,46,60089830,42,3,4,4,11,Champions
C0200,2024-11-25,52,73304770,37,3,4,4,11,Champions
C0129,2024-12-18,40,64690070,14,4,3,4,11,Champions
C0355,2024-12-18,40,57761570,14,4,3,4,11,Champions
C0326,2024-12-30,47,55349670,2,4,4,3,11,Champions
C0016,2024-12-18,41,60898100,14,4,3,4,11,Champions
C0493,2024-11-22,45,52616240,40,3,4,3,10,Champions
C0013,2024-10-27,49,64377720,66,2,4,4,10,Champions
C0209,2024-11-22,46,56741580,40,3,4,3,10,Champions
C0211,2024-11-20,45,50253990,42,3,4,3,10,Champions
C0004,2024-12-31,47,49040570,1,4,4,2,10,Champions
C0010,2024-11-27,50,54508210,35,3,4,3,10,Champions
C0488,2024-11-26,40,58528170,36,3,3,4,10,Champions
C0186,2024-12-11,42,60717650,21,3,3,4,10,Champions
C0140,2024-11-24,44,58201560,38,3,3,4,10,Champions
C0288,2024-10-18,63,84094790,75,2,4,4,10,Champions
C0300,2024-11-30,44,60578170,32,3,3,4,10,Champions
C0315,2024-12-17,42,50056680,15,4,3,3,10,Champions
C0255,2024-11-11,49,60102490,51,2,4,4,10,Champions
C0197,2024-10-18,50,66821570,75,2,4,4,10,Champions
C0435,2024-11-01,57,66153460,61,2,4,4,10,Champions
C0422,2024-11-04,44,61810690,58,2,4,4,10,Champions
C0447,2024-12-23,39,58830780,9,4,2,4,10,Champions
C0425,2024-12-09,44,57482400,23,3,4,3,10,Champions
C0440,2024-10-21,47,67904760,72,2,4,4,10,Champions
C0054,2024-12-14,42,56103080,18,4,3,3,10,Champions
C0032,2024-10-25,45,58165930,68,2,4,4,10,Champions
C0407,2024-12-25,43,51590180,7,4,3,3,10,Champions
C0065,2024-12-12,41,59050070,20,3,3,4,10,Champions
C0462,2024-11-13,52,72302020,49,2,4,4,10,Champions
C0471,2024-11-27,42,58365420,35,3,3,4,10,Champions
C0040,2024-12-21,45,43439870,11,4,4,2,10,Champions
C0499,2024-11-29,44,57171990,33,3,4,3,10,Champions
C0001,2024-12-25,40,52640600,7,4,3,3,10,Champions
C0188,2024-12-27,45,48293510,5,4,4,2,10,Champions
C0196,2024-10-28,54,61286970,65,2,4,4,10,Champions
C0240,2024-11-10,50,81776260,52,2,4,4,10,Champions
C0273,2024-12-31,40,50756990,1,4,3,3,10,Champions
C0253,2024-11-27,40,59006480,35,3,3,4,10,Champions
C0138,2024-12-25,41,54457080,7,4,3,3,10,Champions
C0242,2024-11-18,50,60722930,44,2,4,4,10,Champions
C0241,2024-10-31,46,71234710,62,2,4,4,10,Champions
C0168,2024-12-18,38,61195700,14,4,2,4,10,Champions
C0237,2024-10-15,46,59754510,78,2,4,4,10,Champions
C0193,2024-11-30,44,57786600,32,3,3,4,10,Champions
C0371,2024-11-02,51,71366470,60,2,4,4,10,Champions
C0105,2024-11-26,46,52573780,36,3,4,3,10,Champions
C0074,2024-12-31,45,46570120,1,4,4,2,10,Champions
C0302,2024-12-24,42,51978350,8,4,3,3,10,Champions
C0331,2024-12-15,44,54547840,17,4,3,3,10,Champions
C0458,2024-12-28,43,48276200,4,4,3,2,9,Loyal Customers
C0455,2024-11-27,40,57607900,35,3,3,3,9,Loyal Customers
C0023,2024-12-27,37,53343670,5,4,2,3,9,Loyal Customers
C0021,2024-11-01,47,51375230,61,2,4,3,9,Loyal Customers
C0453,2024-12-31,36,51744150,1,4,2,3,9,Loyal Customers
C0035,2024-11-12,46,54533770,50,2,4,3,9,Loyal Customers
C0482,2024-12-03,36,64020490,29,3,2,4,9,Loyal Customers
C0481,2024-12-31,40,47983990,1,4,3,2,9,Loyal Customers
C0081,2024-12-23,40,49127920,9,4,3,2,9,Loyal Customers
C0083,2024-10-04,50,74075280,89,1,4,4,9,Loyal Customers
C0393,2024-12-18,42,45246830,14,4,3,2,9,Loyal Customers
C0397,2024-12-17,41,47355040,15,4,3,2,9,Loyal Customers
C0396,2024-12-07,40,52935440,25,3,3,3,9,Loyal Customers
C0413,2024-11-08,46,54533070,54,2,4,3,9,Loyal Customers
C0399,2024-12-25,42,49461920,7,4,3,2,9,Loyal Customers
C0398,2024-12-02,43,53653050,30,3,3,3,9,Loyal Customers
C0427,2024-11-26,46,47425980,36,3,4,2,9,Loyal Customers
C0429,2024-10-21,44,56178520,72,2,4,3,9,Loyal Customers
C0038,2024-11-29,41,52105520,33,3,3,3,9,Loyal Customers
C0439,2024-12-29,43,49820310,3,4,3,2,9,Loyal Customers
C0064,2024-12-14,39,52021770,18,4,2,3,9,Loyal Customers
C0421,2024-09-17,45,69154590,106,1,4,4,9,Loyal Customers
C0058,2024-12-24,41,44614910,8,4,3,2,9,Loyal Customers
C0039,2024-11-28,40,53722520,34,3,3,3,9,Loyal Customers
C0467,2024-11-06,55,53206760,56,2,4,3,9,Loyal Customers
C0027,2024-12-26,44,47252220,6,4,3,2,9,Loyal Customers
C0370,2024-12-18,41,45980090,14,4,3,2,9,Loyal Customers
C0365,2024-11-05,47,52500540,57,2,4,3,9,Loyal Customers
C0354,2024-12-25,41,48835850,7,4,3,2,9,Loyal Customers
C0080,2024-11-03,46,50588120,59,2,4,3,9,Loyal Customers
C0377,2024-12-07,40,56674980,25,3,3,3,9,Loyal Customers
C0375,2024-11-03,44,65579710,59,2,3,4,9,Loyal Customers
C0096,2024-12-30,40,47646050,2,4,3,2,9,Loyal Customers
C0378,2024-12-15,42,49279070,17,4,3,2,9,Loyal Customers
C0311,2024-09-17,46,61951490,106,1,4,4,9,Loyal Customers
C0321,2024-12-22,42,48683300,10,4,3,2,9,Loyal Customers
C0323,2024-12-22,40,45380540,10,4,3,2,9,Loyal Customers
C0333,2024-12-02,42,51934490,30,3,3,3,9,Loyal Customers
C0329,2024-12-26,36,50414010,6,4,2,3,9,Loyal Customers
C0328,2024-12-05,40,53610980,27,3,3,3,9,Loyal Customers
C0141,2024-11-15,40,59888120,47,2,3,4,9,Loyal Customers
C0278,2024-12-03,45,47124980,29,3,4,2,9,Loyal Customers
C0280,2024-11-05,47,50723520,57,2,4,3,9,Loyal Customers
C0285,2024-12-05,51,44949370,27,3,4,2,9,Loyal Customers
C0295,2024-10-09,46,63205470,84,1,4,4,9,Loyal Customers
C0290,2024-11-15,46,51960040,47,2,4,3,9,Loyal Customers
C0286,2024-12-29,39,50682130,3,4,2,3,9,Loyal Customers
C0128,2024-12-18,39,57387360,14,4,2,3,9,Loyal Customers
C0327,2024-12-06,45,48891270,26,3,4,2,9,Loyal Customers
C0318,2024-11-09,41,58005460,53,2,3,4,9,Loyal Customers
C0135,2024-08-27,45,61465530,127,1,4,4,9,Loyal Customers
C0275,2024-11-09,47,52499270,53,2,4,3,9,Loyal Customers
C0157,2024-12-30,38,51879830,2,4,2,3,9,Loyal Customers
C0261,2024-12-06,40,57586180,26,3,3,3,9,Loyal Customers
C0149,2024-12-12,42,57543220,20,3,3,3,9,Loyal Customers
C0259,2024-12-13,37,52219040,19,4,2,3,9,Loyal Customers
C0169,2024-10-27,44,63375830,66,2,3,4,9,Loyal Customers
C0172,2024-11-27,42,56707730,35,3,3,3,9,Loyal Customers
C0234,2024-12-26,33,63256170,6,4,1,4,9,Loyal Customers
C0232,2024-12-29,41,49272940,3,4,3,2,9,Loyal Customers
C0236,2024-10-25,47,55730670,68,2,4,3,9,Loyal Customers
C0254,2024-09-25,52,75547750,98,1,4,4,9,Loyal Customers
C0222,2024-12-13,44,48043620,19,4,3,2,9,Loyal Customers
C0224,2024-12-14,40,45785060,18,4,3,2,9,Loyal Customers
C0192,2024-10-25,43,59390920,68,2,3,4,9,Loyal Customers
C0207,2024-10-13,51,79795630,80,1,4,4,9,Loyal Customers
C0181,2024-12-15,40,47189990,17,4,3,2,9,Loyal Customers
C0496,2024-12-27,41,49977230,5,4,3,2,9,Loyal Customers
C0489,2024-08-17,51,61811660,137,1,4,4,9,Loyal Customers
C0017,2024-12-21,40,46619950,11,4,3,2,9,Loyal Customers
C0006,2024-09-02,46,60992880,121,1,4,4,9,Loyal Customers
C0005,2024-10-04,51,67256610,89,1,4,4,9,Loyal Customers
C0461,2024-10-31,42,55770880,62,2,3,3,8,Loyal Customers
C0452,2024-12-27,42,39890320,5,4,3,1,8,Loyal Customers
C0460,2024-11-25,36,56715420,37,3,2,3,8,Loyal Customers
C0041,2024-06-11,42,60948700,204,1,3,4,8,Loyal Customers
C0042,2024-10-13,44,61493750,80,1,3,4,8,Loyal Customers
C0050,2024-12-14,30,50086150,18,4,1,3,8,Loyal Customers
C0220,2024-11-06,47,43066280,56,2,4,2,8,Loyal Customers
C0217,2024-12-18,38,49708160,14,4,2,2,8,Loyal Customers
C0225,2024-07-17,51,56839930,168,1,4,3,8,Loyal Customers
C0190,2024-12-29,38,49869830,3,4,2,2,8,Loyal Customers
C0189,2024-11-11,41,54638690,51,2,3,3,8,Loyal Customers
C0221,2024-09-05,44,64336800,118,1,3,4,8,Loyal Customers
C0218,2024-10-16,45,43621310,77,2,4,2,8,Loyal Customers
C0166,2024-12-08,34,58111030,24,3,1,4,8,Loyal Customers
C0436,2024-12-15,38,49724270,17,4,2,2,8,Loyal Customers
C0443,2024-11-18,43,52360250,44,2,3,3,8,Loyal Customers
C0438,2024-09-01,45,52796800,122,1,4,3,8,Loyal Customers
C0148,2024-12-09,40,46876850,23,3,3,2,8,Loyal Customers
C0171,2024-12-05,36,53338800,27,3,2,3,8,Loyal Customers
C0230,2024-10-31,41,53600640,62,2,3,3,8,Loyal Customers
C0175,2024-11-04,41,53235590,58,2,3,3,8,Loyal Customers
C0448,2024-12-11,37,53741830,21,3,2,3,8,Loyal Customers
C0036,2024-12-23,39,47362410,9,4,2,2,8,Loyal Customers
C0110,2024-06-21,44,74097790,194,1,3,4,8,Loyal Customers
C0111,2024-12-16,39,46609900,16,4,2,2,8,Loyal Customers
C0112,2024-12-01,40,47047550,31,3,3,2,8,Loyal Customers
C0340,2024-12-04,39,55130110,28,3,2,3,8,Loyal Customers
C0381,2024-12-21,34,53603960,11,4,1,3,8,Loyal Customers
C0383,2024-11-19,43,56328200,43,2,3,3,8,Loyal Customers
C0098,2024-12-18,37,45007740,14,4,2,2,8,Loyal Customers
C0373,2024-09-02,43,60942770,121,1,3,4,8,Loyal Customers
C0093,2024-12-01,41,49642790,31,3,3,2,8,Loyal Customers
C0090,2024-10-22,45,44051020,71,2,4,2,8,Loyal Customers
C0103,2024-08-29,42,62476630,125,1,3,4,8,Loyal Customers
C0102,2024-10-24,38,62773480,69,2,2,4,8,Loyal Customers
C0335,2024-11-03,43,52685710,59,2,3,3,8,Loyal Customers
C0345,2024-11-20,44,44678620,42,3,3,2,8,Loyal Customers
C0342,2024-10-09,44,78469470,84,1,3,4,8,Loyal Customers
C0314,2024-09-26,45,54595560,97,1,4,3,8,Loyal Customers
C0319,2024-12-08,37,54752580,24,3,2,3,8,Loyal Customers
C0310,2024-11-07,41,51400980,55,2,3,3,8,Loyal Customers
C0312,2024-11-17,40,52920140,45,2,3,3,8,Loyal Customers
C0116,2024-09-25,40,60134220,98,1,3,4,8,Loyal Customers
C0147,2024-12-22,36,45513830,10,4,2,2,8,Loyal Customers
C0385,2024-09-23,42,60053350,100,1,3,4,8,Loyal Customers
C0384,2024-09-09,42,64311810,114,1,3,4,8,Loyal Customers
C0077,2024-12-16,38,49739710,16,4,2,2,8,Loyal Customers
C0068,2024-12-06,42,46858170,26,3,3,2,8,Loyal Customers
C0161,2024-11-17,43,54232700,45,2,3,3,8,Loyal Customers
C0159,2024-12-26,36,44984320,6,4,2,2,8,Loyal Customers
C0410,2024-11-27,42,49311570,35,3,3,2,8,Loyal Customers
C0263,2024-11-01,40,55123450,61,2,3,3,8,Loyal Customers
C0059,2024-12-20,39,47904570,12,4,2,2,8,Loyal Customers
C0055,2024-12-11,37,53940970,21,3,2,3,8,Loyal Customers
C0062,2024-10-31,38,63839240,62,2,2,4,8,Loyal Customers
C0428,2024-08-26,45,56913820,128,1,4,3,8,Loyal Customers
C0426,2024-12-03,40,47615070,29,3,3,2,8,Loyal Customers
C0246,2024-11-02,37,61368980,60,2,2,4,8,Loyal Customers
C0247,2024-11-13,42,55849110,49,2,3,3,8,Loyal Customers
C0087,2024-12-17,41,41444460,15,4,3,1,8,Loyal Customers
C0011,2024-11-22,41,44933810,40,3,3,2,8,Loyal Customers
C0019,2024-12-10,43,43064130,22,3,3,2,8,Loyal Customers
C0025,2024-09-21,44,58809760,102,1,3,4,8,Loyal Customers
C0014,2024-12-21,31,43395470,11,4,1,2,7,Potential Loyalists
C0015,2024-11-16,38,51005500,46,2,2,3,7,Potential Loyalists
C0492,2024-11-05,37,51225690,57,2,2,3,7,Potential Loyalists
C0465,2024-12-12,39,42438980,20,3,3,1,7,Potential Loyalists
C0486,2024-10-07,42,53820770,86,1,3,3,7,Potential Loyalists
C0349,2024-10-19,36,51806430,74,2,2,3,7,Potential Loyalists
C0104,2024-12-30,36,35121810,2,4,2,1,7,Potential Loyalists
C0088,2024-12-12,39,49923700,20,3,2,2,7,Potential Loyalists
C0095,2024-12-26,31,46147160,6,4,1,2,7,Potential Loyalists
C0097,2024-12-16,30,43037580,16,4,1,2,7,Potential Loyalists
C0130,2024-11-16,41,47762000,46,2,3,2,7,Potential Loyalists
C0376,2024-12-19,35,49197710,13,4,1,2,7,Potential Loyalists
C0338,2024-11-23,38,43157630,39,3,2,2,7,Potential Loyalists
C0018,2024-12-24,36,46340880,8,4,1,2,7,Potential Loyalists
C0472,2024-11-23,37,45819430,39,3,2,2,7,Potential Loyalists
C0031,2024-08-13,40,52182080,141,1,3,3,7,Potential Loyalists
C0235,2024-09-10,43,53090300,113,1,3,3,7,Potential Loyalists
C0205,2024-11-15,39,53896570,47,2,2,3,7,Potential Loyalists
C0194,2024-12-26,36,39279180,6,4,2,1,7,Potential Loyalists
C0198,2024-10-19,38,51107370,74,2,2,3,7,Potential Loyalists
C0227,2024-10-24,39,51113410,69,2,2,3,7,Potential Loyalists
C0191,2024-12-12,31,56028890,20,3,1,3,7,Potential Loyalists
C0445,2024-12-28,30,48822870,4,4,1,2,7,Potential Loyalists
C0231,2024-11-08,39,52413100,54,2,2,3,7,Potential Loyalists
C0176,2024-08-07,44,54048740,147,1,3,3,7,Potential Loyalists
C0173,2024-11-08,36,50058960,54,2,2,3,7,Potential Loyalists
C0152,2024-11-18,41,49749000,44,2,3,2,7,Potential Loyalists
C0249,2024-10-01,40,52709760,92,1,3,3,7,Potential Loyalists
C0476,2024-09-29,38,65951870,94,1,2,4,7,Potential Loyalists
C0195,2024-12-28,33,46367090,4,4,1,2,7,Potential Loyalists
C0184,2024-11-28,35,57050360,34,3,1,3,7,Potential Loyalists
C0480,2024-11-24,37,45569160,38,3,2,2,7,Potential Loyalists
C0024,2024-09-17,48,49014090,106,1,4,2,7,Potential Loyalists
C0085,2024-09-20,44,55654550,103,1,3,3,7,Potential Loyalists
C0358,2024-10-01,40,53790030,92,1,3,3,7,Potential Loyalists
C0363,2024-11-07,37,50237880,55,2,2,3,7,Potential Loyalists
C0072,2024-12-23,30,47027920,9,4,1,2,7,Potential Loyalists
C0287,2024-11-27,36,43261120,35,3,2,2,7,Potential Loyalists
C0274,2024-06-27,42,50332620,188,1,3,3,7,Potential Loyalists
C0101,2024-10-10,43,52693260,83,1,3,3,7,Potential Loyalists
C0106,2024-11-12,42,47644410,50,2,3,2,7,Potential Loyalists
C0297,2024-07-01,39,62422580,184,1,2,4,7,Potential Loyalists
C0146,2024-12-31,33,49274960,1,4,1,2,7,Potential Loyalists
C0145,2024-12-29,37,29769500,3,4,2,1,7,Potential Loyalists
C0289,2024-10-29,40,45171030,64,2,3,2,7,Potential Loyalists
C0317,2024-12-25,38,40944770,7,4,2,1,7,Potential Loyalists
C0296,2024-11-07,41,46533710,55,2,3,2,7,Potential Loyalists
C0293,2024-09-25,42,57398730,98,1,3,3,7,Potential Loyalists
C0118,2024-12-30,39,42906280,2,4,2,1,7,Potential Loyalists
C0123,2024-11-04,37,55075400,58,2,2,3,7,Potential Loyalists
C0052,2024-12-11,37,45097920,21,3,2,2,7,Potential Loyalists
C0155,2024-12-17,36,35744630,15,4,2,1,7,Potential Loyalists
C0408,2024-11-02,39,54619740,60,2,2,3,7,Potential Loyalists
C0404,2024-12-26,35,44973650,6,4,1,2,7,Potential Loyalists
C0409,2024-10-09,45,47755320,84,1,4,2,7,Potential Loyalists
C0067,2024-12-30,33,44311920,2,4,1,2,7,Potential Loyalists
C0423,2024-12-27,35,43818650,5,4,1,2,7,Potential Loyalists
C0056,2024-11-10,38,51714180,52,2,2,3,7,Potential Loyalists
C0264,2024-11-02,39,56501370,60,2,2,3,7,Potential Loyalists
C0245,2024-11-30,37,46663320,32,3,2,2,7,Potential Loyalists
C0251,2024-07-06,39,50171060,179,1,2,3,6,Potential Loyalists
C0167,2024-12-28,35,41587150,4,4,1,1,6,Potential Loyalists
C0170,2024-12-20,32,37935380,12,4,1,1,6,Potential Loyalists
C0174,2024-12-21,34,29047310,11,4,1,1,6,Potential Loyalists
C0177,2024-12-25,30,31520790,7,4,1,1,6,Potential Loyalists
C0228,2024-09-10,36,51601040,113,1,2,3,6,Potential Loyalists
C0437,2024-12-21,32,38523930,11,4,1,1,6,Potential Loyalists
C0433,2024-08-13,38,51222820,141,1,2,3,6,Potential Loyalists
C0446,2024-10-16,36,43391360,77,2,2,2,6,Potential Loyalists
C0449,2024-11-19,37,49669150,43,2,2,2,6,Potential Loyalists
C0450,2024-09-12,43,48802430,111,1,3,2,6,Potential Loyalists
C0210,2024-12-28,32,42817450,4,4,1,1,6,Potential Loyalists
C0208,2024-12-30,34,40653790,2,4,1,1,6,Potential Loyalists
C0442,2024-10-20,36,47299810,73,2,2,2,6,Potential Loyalists
C0164,2024-11-13,39,46613620,49,2,2,2,6,Potential Loyalists
C0214,2024-12-26,35,42524620,6,4,1,1,6,Potential Loyalists
C0203,2024-11-19,37,43333790,43,2,2,2,6,Potential Loyalists
C0003,2024-10-30,40,39965740,63,2,3,1,6,Potential Loyalists
C0051,2024-11-15,37,47017080,47,2,2,2,6,Potential Loyalists
C0044,2024-11-17,38,43843570,45,2,2,2,6,Potential Loyalists
C0239,2024-10-27,38,43671220,66,2,2,2,6,Potential Loyalists
C0156,2024-09-17,36,53295180,106,1,2,3,6,Potential Loyalists
C0432,2024-10-04,41,43308880,89,1,3,2,6,Potential Loyalists
C0424,2024-09-23,38,50065860,100,1,2,3,6,Potential Loyalists
C0268,2024-10-07,37,54298750,86,1,2,3,6,Potential Loyalists
C0136,2024-11-13,42,41124050,49,2,3,1,6,Potential Loyalists
C0260,2024-09-05,38,52018150,118,1,2,3,6,Potential Loyalists
C0162,2024-10-14,30,53940730,79,2,1,3,6,Potential Loyalists
C0416,2024-10-20,43,42362580,73,2,3,1,6,Potential Loyalists
C0415,2024-10-11,36,57595000,82,1,2,3,6,Potential Loyalists
C0406,2024-10-11,37,55494220,82,1,2,3,6,Potential Loyalists
C0401,2024-10-25,38,48565440,68,2,2,2,6,Potential Loyalists
C0309,2024-12-17,32,30418360,15,4,1,1,6,Potential Loyalists
C0320,2024-12-30,35,42807100,2,4,1,1,6,Potential Loyalists
C0121,2024-12-01,36,39128960,31,3,2,1,6,Potential Loyalists
C0298,2024-11-20,37,42797160,42,3,2,1,6,Potential Loyalists
C0390,2024-11-09,35,52697070,53,2,1,3,6,Potential Loyalists
C0389,2024-11-25,33,44362320,37,3,1,2,6,Potential Loyalists
C0073,2024-11-12,36,48992520,50,2,2,2,6,Potential Loyalists
C0387,2024-10-26,38,43291870,67,2,2,2,6,Potential Loyalists
C0137,2024-12-12,28,44868410,20,3,1,2,6,Potential Loyalists
C0125,2024-12-09,36,38490080,23,3,2,1,6,Potential Loyalists
C0126,2024-04-05,39,55322000,271,1,2,3,6,Potential Loyalists
C0308,2024-12-12,36,42189220,20,3,2,1,6,Potential Loyalists
C0100,2024-11-10,42,40056040,52,2,3,1,6,Potential Loyalists
C0337,2024-08-25,35,58199500,129,1,1,4,6,Potential Loyalists
C0131,2024-06-14,39,57656260,201,1,2,3,6,Potential Loyalists
C0089,2024-11-14,40,40101850,48,2,3,1,6,Potential Loyalists
C0341,2024-10-07,38,55626730,86,1,2,3,6,Potential Loyalists
C0332,2024-11-23,39,41463910,39,3,2,1,6,Potential Loyalists
C0330,2024-08-10,41,45803070,144,1,3,2,6,Potential Loyalists
C0350,2024-11-25,37,39052200,37,3,2,1,6,Potential Loyalists
C0108,2024-12-29,26,33566370,3,4,1,1,6,Potential Loyalists
C0086,2024-11-22,30,47920240,40,3,1,2,6,Potential Loyalists
C0364,2024-11-18,38,48290310,44,2,2,2,6,Potential Loyalists
C0362,2024-10-11,42,44698950,82,1,3,2,6,Potential Loyalists
C0033,2024-12-12,34,45334540,20,3,1,2,6,Potential Loyalists
C0470,2024-09-27,44,42659850,96,1,4,1,6,Potential Loyalists
C0030,2024-09-02,38,50515670,121,1,2,3,6,Potential Loyalists
C0022,2024-11-06,39,44585750,56,2,2,2,6,Potential Loyalists
C0464,2024-09-13,39,52911390,110,1,2,3,6,Potential Loyalists
C0020,2024-10-17,41,38461450,76,2,3,1,6,Potential Loyalists
C0491,2024-07-04,32,61370730,181,1,1,4,6,Potential Loyalists
C0009,2024-11-04,34,54041610,58,2,1,3,6,Potential Loyalists
C0485,2024-10-01,34,52472400,92,1,1,3,5,At Risk
C0498,2024-08-19,30,52056060,135,1,1,3,5,At Risk
C0497,2024-12-10,33,42503770,22,3,1,1,5,At Risk
C0494,2024-11-28,32,37868420,34,3,1,1,5,At Risk
C0029,2024-06-30,38,45653420,185,1,2,2,5,At Risk
C0114,2024-09-27,36,43340450,96,1,2,2,5,At Risk
C0115,2024-11-28,33,38312450,34,3,1,1,5,At Risk
C0346,2024-11-15,39,42873560,47,2,2,1,5,At Risk
C0360,2024-11-17,34,47187810,45,2,1,2,5,At Risk
C0367,2024-11-04,31,48346630,58,2,1,2,5,At Risk
C0357,2024-11-17,32,48125180,45,2,1,2,5,At Risk
C0352,2024-11-11,37,41846330,51,2,2,1,5,At Risk
C0348,2024-10-24,35,43554630,69,2,1,2,5,At Risk
C0347,2024-12-03,27,22852400,29,3,1,1,5,At Risk
C0324,2024-08-24,38,43386470,130,1,2,2,5,At Risk
C0368,2024-11-30,33,42468360,32,3,1,1,5,At Risk
C0079,2024-11-28,33,37415140,34,3,1,1,5,At Risk
C0392,2024-12-12,34,37128430,20,3,1,1,5,At Risk
C0391,2024-11-30,35,42554570,32,3,1,1,5,At Risk
C0388,2024-12-12,34,41959050,20,3,1,1,5,At Risk
C0139,2024-11-10,36,38021440,52,2,2,1,5,At Risk
C0120,2024-11-15,36,41105250,47,2,2,1,5,At Risk
C0303,2024-12-01,31,30524560,31,3,1,1,5,At Risk
C0322,2024-12-10,29,32591500,22,3,1,1,5,At Risk
C0382,2024-11-19,37,39722420,43,2,2,1,5,At Risk
C0092,2024-07-30,41,38901670,155,1,3,1,5,At Risk
C0336,2024-10-26,39,36133900,67,2,2,1,5,At Risk
C0325,2024-11-09,33,44540760,53,2,1,2,5,At Risk
C0386,2024-11-04,38,42278620,58,2,2,1,5,At Risk
C0075,2024-10-20,35,43533480,73,2,1,2,5,At Risk
C0305,2024-11-27,33,41460360,35,3,1,1,5,At Risk
C0204,2024-12-08,33,34104450,24,3,1,1,5,At Risk
C0180,2024-12-10,31,26408930,22,3,1,1,5,At Risk
C0183,2024-12-05,32,32501510,27,3,1,1,5,At Risk
C0223,2024-10-15,34,43216770,78,2,1,2,5,At Risk
C0213,2024-08-31,32,53323570,123,1,1,3,5,At Risk
C0185,2024-09-16,39,45894360,107,1,2,2,5,At Risk
C0463,2024-08-22,36,45761800,132,1,2,2,5,At Risk
C0500,2024-12-07,29,36693490,25,3,1,1,5,At Risk
C0477,2024-10-13,37,45390380,80,1,2,2,5,At Risk
C0047,2024-08-25,36,50441290,129,1,1,3,5,At Risk
C0454,2024-11-14,37,36757440,48,2,2,1,5,At Risk
C0037,2024-10-25,38,38561970,68,2,2,1,5,At Risk
C0199,2024-10-21,38,41788400,72,2,2,1,5,At Risk
C0457,2024-11-15,35,48077820,47,2,1,2,5,At Risk
C0057,2024-12-04,35,41341790,28,3,1,1,5,At Risk
C0066,2024-10-11,38,47238780,82,1,2,2,5,At Risk
C0151,2024-11-28,31,35615980,34,3,1,1,5,At Risk
C0258,2024-10-10,31,54371200,83,1,1,3,5,At Risk
C0252,2024-11-07,38,39885550,55,2,2,1,5,At Risk
C0248,2024-12-04,30,35510400,28,3,1,1,5,At Risk
C0243,2024-12-10,34,39757700,22,3,1,1,5,At Risk
C0271,2024-11-26,28,34224570,36,3,1,1,5,At Risk
C0417,2024-09-11,36,44665420,112,1,2,2,5,At Risk
C0262,2024-12-04,30,38179240,28,3,1,1,5,At Risk
C0163,2024-08-05,40,40457330,149,1,3,1,5,At Risk
C0266,2024-09-24,37,46658690,99,1,2,2,5,At Risk
C0158,2024-09-26,37,48735540,97,1,2,2,5,At Risk
C0400,2024-10-23,38,42250310,70,2,2,1,5,At Risk
C0405,2024-06-25,37,44240650,190,1,2,2,5,At Risk
C0434,2024-10-26,35,42930130,67,2,1,2,5,At Risk
C0451,2024-07-06,42,41063830,179,1,3,1,5,At Risk
C0229,2024-11-29,29,36130700,33,3,1,1,5,At Risk
C0277,2024-09-14,38,35987190,109,1,2,1,4,At Risk
C0444,2024-08-06,35,46629480,148,1,1,2,4,At Risk
C0007,2024-11-03,36,37839490,59,2,1,1,4,At Risk
C0187,2024-11-08,31,38937400,54,2,1,1,4,At Risk
C0043,2024-06-14,37,39495710,201,1,2,1,4,At Risk
C0279,2024-11-12,28,30576800,50,2,1,1,4,At Risk
C0418,2024-11-14,32,39210750,48,2,1,1,4,At Risk
C0412,2024-05-28,37,38694470,218,1,2,1,4,At Risk
C0402,2024-07-12,39,40181870,173,1,2,1,4,At Risk
C0419,2024-09-30,34,49492260,93,1,1,2,4,At Risk
C0233,2024-10-21,34,42607030,72,2,1,1,4,At Risk
C0441,2024-10-19,35,41532900,74,2,1,1,4,At Risk
C0212,2024-11-15,35,38459600,47,2,1,1,4,At Risk
C0372,2024-07-10,37,41848360,175,1,2,1,4,At Risk
C0366,2024-10-26,30,36772070,67,2,1,1,4,At Risk
C0473,2024-11-15,31,40406800,47,2,1,1,4,At Risk
C0361,2024-09-26,35,46126450,97,1,1,2,4,At Risk
C0484,2024-11-10,31,41941080,52,2,1,1,4,At Risk
C0012,2024-10-10,38,42822150,83,1,2,1,4,At Risk
C0028,2024-11-13,34,33463430,49,2,1,1,4,At Risk
C0474,2024-11-07,35,42219110,55,2,1,1,4,At Risk
C0351,2024-09-12,38,37753190,111,1,2,1,4,At Risk
C0122,2024-11-05,33,42300750,57,2,1,1,4,At Risk
C0132,2024-10-01,39,40004370,92,1,2,1,4,At Risk
C0334,2024-08-24,37,34503010,130,1,2,1,4,At Risk
C0299,2024-08-30,37,42381340,124,1,2,1,4,At Risk
C0265,2024-09-27,33,44129000,96,1,1,2,4,At Risk
C0127,2024-06-25,31,43586400,190,1,1,2,4,At Risk
C0316,2024-09-22,38,40257180,101,1,2,1,4,At Risk
C0456,2024-10-16,29,26909060,77,2,1,1,4,At Risk
C0202,2024-09-21,35,46256330,102,1,1,2,4,At Risk
C0256,2024-09-19,34,49845250,104,1,1,2,4,At Risk
C0150,2024-11-09,34,35468440,53,2,1,1,4,At Risk
C0117,2024-10-08,35,35972400,85,1,1,1,3,Lost Customers
C0091,2024-09-07,32,33399030,116,1,1,1,3,Lost Customers
C0133,2024-04-07,31,42807750,269,1,1,1,3,Lost Customers
C0078,2024-10-08,33,34591140,85,1,1,1,3,Lost Customers
C0094,2024-09-20,33,39474600,103,1,1,1,3,Lost Customers
C0339,2024-08-16,27,40846800,138,1,1,1,3,Lost Customers
C0353,2024-10-08,30,28192110,85,1,1,1,3,Lost Customers
C0344,2024-06-17,30,39253370,198,1,1,1,3,Lost Customers
C0034,2024-10-06,33,33729240,87,1,1,1,3,Lost Customers
C0487,2024-03-18,31,36312870,289,1,1,1,3,Lost Customers
C0313,2024-09-02,32,41705840,121,1,1,1,3,Lost Customers
C0292,2024-09-19,31,30669960,104,1,1,1,3,Lost Customers
C0144,2024-09-13,31,42387320,110,1,1,1,3,Lost Customers
C0143,2024-08-02,29,39164970,152,1,1,1,3,Lost Customers
C0430,2024-10-11,29,37535780,82,1,1,1,3,Lost Customers
C0267,2024-03-25,33,38686930,282,1,1,1,3,Lost Customers
C0053,2024-09-18,31,38021810,105,1,1,1,3,Lost Customers
C0431,2024-07-05,31,39337010,180,1,1,1,3,Lost Customers
C0281,2024-06-25,31,41345180,190,1,1,1,3,Lost Customers
C0283,2024-09-04,33,36153120,119,1,1,1,3,Lost Customers
C0238,2024-09-01,32,30976180,122,1,1,1,3,Lost Customers
C0061,2024-09-08,32,31227160,115,1,1,1,3,Lost Customers
C0179,2024-07-21,35,35257010,164,1,1,1,3,Lost Customers
C0226,2024-09-28,28,39194740,95,1,1,1,3,Lost Customers
C0182,2024-08-03,32,35873070,151,1,1,1,3,Lost Customers
C0048,2024-10-06,34,40336880,87,1,1,1,3,Lost Customers
C0008,2024-07-16,36,38574950,169,1,1,1,3,Lost Customers
C0479,2024-10-08,29,31298140,85,1,1,1,3,Lost Customers
